-- --------------------------------------------------------
-- Host:                         127.0.0.1
-- Server version:               12.1.2-MariaDB - MariaDB Server
-- Server OS:                    Win64
-- HeidiSQL Version:             12.14.0.7165
-- --------------------------------------------------------

/*!40101 SET @OLD_CHARACTER_SET_CLIENT=@@CHARACTER_SET_CLIENT */;
/*!40101 SET NAMES utf8 */;
/*!50503 SET NAMES utf8mb4 */;
/*!40103 SET @OLD_TIME_ZONE=@@TIME_ZONE */;
/*!40103 SET TIME_ZONE='+00:00' */;
/*!40014 SET @OLD_FOREIGN_KEY_CHECKS=@@FOREIGN_KEY_CHECKS, FOREIGN_KEY_CHECKS=0 */;
/*!40101 SET @OLD_SQL_MODE=@@SQL_MODE, SQL_MODE='NO_AUTO_VALUE_ON_ZERO' */;
/*!40111 SET @OLD_SQL_NOTES=@@SQL_NOTES, SQL_NOTES=0 */;


-- Dumping database structure for photobooth_db
CREATE DATABASE IF NOT EXISTS `photobooth_db` /*!40100 DEFAULT CHARACTER SET utf8mb4 COLLATE utf8mb4_general_ci */;
USE `photobooth_db`;

-- Dumping structure for table photobooth_db.admins
CREATE TABLE IF NOT EXISTS `admins` (
  `id` int(11) NOT NULL AUTO_INCREMENT,
  `username` varchar(50) NOT NULL,
  `password` varchar(255) NOT NULL,
  `created_at` timestamp NOT NULL DEFAULT current_timestamp(),
  PRIMARY KEY (`id`),
  UNIQUE KEY `username` (`username`)
) ENGINE=InnoDB AUTO_INCREMENT=2 DEFAULT CHARSET=utf8mb4 COLLATE=utf8mb4_general_ci;

-- Dumping data for table photobooth_db.admins: ~0 rows (approximately)
INSERT INTO `admins` (`id`, `username`, `password`, `created_at`) VALUES
	(1, 'admin', '$2y$12$Oth6k7Dj.vBklsPGoeYcReNOkdwTE.9fCxpKcN5ujYck/Et9GZI3u', '2026-01-02 18:01:46');

-- Dumping structure for table photobooth_db.assets
CREATE TABLE IF NOT EXISTS `assets` (
  `id` int(11) NOT NULL AUTO_INCREMENT,
  `event_id` int(11) DEFAULT NULL,
  `type` enum('frame','sticker','filter') NOT NULL,
  `path` varchar(255) NOT NULL,
  `name` varchar(100) DEFAULT NULL,
  `slot_count` int(11) NOT NULL DEFAULT 0,
  `slot_coordinates` text DEFAULT NULL,
  `created_at` timestamp NOT NULL DEFAULT current_timestamp(),
  PRIMARY KEY (`id`),
  KEY `event_id` (`event_id`),
  CONSTRAINT `assets_ibfk_1` FOREIGN KEY (`event_id`) REFERENCES `events` (`id`) ON DELETE CASCADE
) ENGINE=InnoDB AUTO_INCREMENT=19 DEFAULT CHARSET=utf8mb4 COLLATE=utf8mb4_general_ci;

-- Dumping data for table photobooth_db.assets: ~6 rows (approximately)
INSERT INTO `assets` (`id`, `event_id`, `type`, `path`, `name`, `slot_count`, `slot_coordinates`, `created_at`) VALUES
	(4, NULL, 'filter', 'sepia(100%)', 'sepia', 0, NULL, '2026-01-02 18:38:15'),
	(11, NULL, 'sticker', '/assets/stickers/sticker_698abc94ecc607.32174681.png', 'asdsa', 0, NULL, '2026-02-10 05:05:25'),
	(14, NULL, 'frame', '/assets/frames/frame_698ae323efc7f9.61784940.png', 'transparant', 3, '[{"top":5,"left":8,"width":84.88541666666667,"height":21.20486111111111},{"top":28.444444444444443,"left":7.333333333333333,"width":85.88541666666667,"height":21.09375},{"top":51.77777777777778,"left":7.666666666666666,"width":85.88541666666667,"height":21.538194444444443}]', '2026-02-10 07:49:56'),
	(15, NULL, 'frame', '/assets/frames/frame_698b016f905f30.78721750.png', 'Transparant 2', 4, '[{"top":3.2755913991912666,"left":9.15928867293366,"width":82.64593737897407,"height":17.96751441434647},{"top":24.387515740894965,"left":9.826754184960542,"width":82.64207675649929,"height":18.190001215324592},{"top":45.27695158613423,"left":9.15928867293366,"width":82.97774236697968,"height":18.00481002686193},{"top":66.38887592783793,"left":9.826754184960542,"width":82.3102768549528,"height":17.79518179411208}]', '2026-02-10 09:59:11'),
	(17, NULL, 'frame', '/assets/frames/frame_698b0c5f9b53d3.56381123.png', 'New Year', 3, '[{"top":22.11111111111111,"left":5.333333333333334,"width":89.55208333333333,"height":17.760416666666668},{"top":40.666666666666664,"left":5.333333333333334,"width":89.73958333333333,"height":17.96875},{"top":59.22222222222222,"left":5.333333333333334,"width":89.73958333333333,"height":17.74652777777778}]', '2026-02-10 10:45:51'),
	(18, NULL, 'frame', '/assets/frames/frame_698b0e7d4a4930.22873215.png', 'Summers', 4, '[{"top":6.207407212496798,"left":4.955553186487509,"width":90.39999487304739,"height":17.092592563707644},{"top":25.31851872297372,"left":4.955553186487509,"width":90.55415948952643,"height":17.315740470666473},{"top":44.31851743445384,"left":4.955553186487509,"width":90.39999487304739,"height":17.092592563707644},{"top":63.31851614593397,"left":4.955553186487509,"width":90.2208261901015,"height":17.093518263514657}]', '2026-02-10 10:54:53');

-- Dumping structure for table photobooth_db.email_queue
CREATE TABLE IF NOT EXISTS `email_queue` (
  `id` int(11) NOT NULL AUTO_INCREMENT,
  `email` varchar(255) NOT NULL,
  `subject` varchar(500) NOT NULL,
  `body` text NOT NULL,
  `attachments` text DEFAULT NULL COMMENT 'JSON array of attachment file paths',
  `priority` int(11) NOT NULL DEFAULT 1 COMMENT 'Higher number = higher priority',
  `status` enum('pending','processing','completed','failed') NOT NULL DEFAULT 'pending',
  `retries` int(11) NOT NULL DEFAULT 0,
  `error_message` text DEFAULT NULL,
  `created_at` timestamp NOT NULL DEFAULT current_timestamp(),
  `completed_at` timestamp NULL DEFAULT NULL,
  PRIMARY KEY (`id`),
  KEY `status` (`status`),
  KEY `priority` (`priority`),
  KEY `created_at` (`created_at`),
  KEY `idx_email_queue_status_priority` (`status`,`priority`)
) ENGINE=InnoDB AUTO_INCREMENT=32 DEFAULT CHARSET=utf8mb4 COLLATE=utf8mb4_general_ci;

-- Dumping data for table photobooth_db.email_queue: ~27 rows (approximately)
INSERT INTO `email_queue` (`id`, `email`, `subject`, `body`, `attachments`, `priority`, `status`, `retries`, `error_message`, `created_at`, `completed_at`) VALUES
	(4, 'ahnrizki@gmail.com', 'Foto Session Photobooth Anda - Session #6', 'Terima kasih telah menggunakan layanan photobooth kami! Terlampir adalah hasil foto session Anda.', '[{"path":"C:\\\\apache\\\\htdocs\\\\photobooth-app\\/public\\/uploads\\/final_photostrips\\/final_photostrip_7_695892c52c6b7.png","name":"photostrip_aa.png"},{"path":"C:\\\\apache\\\\htdocs\\\\photobooth-app\\/public\\/uploads\\/final_photostrips\\/final_photostrip_8_695892c666f1d.png","name":"photostrip_a.png"},{"path":"C:\\\\apache\\\\htdocs\\\\photobooth-app\\/public\\/uploads\\/temp\\/session_6.zip","name":"session_photos_6.zip"}]', 1, 'completed', 0, 'Reset from stuck processing state', '2026-01-03 03:53:54', '2026-01-03 04:18:18'),
	(5, 'ahnrizki@gmail.com', 'Foto Session Photobooth Anda - Session #7', 'Terima kasih telah menggunakan layanan photobooth kami! Terlampir adalah hasil foto session Anda.', '[{"path":"C:\\\\apache\\\\htdocs\\\\photobooth-app\\/public\\/uploads\\/final_photostrips\\/final_photostrip_9_6958960f026e7.png","name":"photostrip_Christmas.png"},{"path":"C:\\\\apache\\\\htdocs\\\\photobooth-app\\/public\\/uploads\\/final_photostrips\\/final_photostrip_10_69589610301bc.png","name":"photostrip_Halloween.png"},{"path":"C:\\\\apache\\\\htdocs\\\\photobooth-app\\/public\\/uploads\\/temp\\/session_7.zip","name":"session_photos_7.zip"}]', 1, 'completed', 0, NULL, '2026-01-03 04:07:56', '2026-01-03 04:09:33'),
	(6, 'ahnrizki@gmail.com', 'Foto Session Photobooth Anda - Session #7', 'Terima kasih telah menggunakan layanan photobooth kami! Terlampir adalah hasil foto session Anda.', '[{"path":"C:\\\\apache\\\\htdocs\\\\photobooth-app\\/public\\/uploads\\/final_photostrips\\/final_photostrip_9_6958960f026e7.png","name":"photostrip_Christmas.png"},{"path":"C:\\\\apache\\\\htdocs\\\\photobooth-app\\/public\\/uploads\\/final_photostrips\\/final_photostrip_10_69589610301bc.png","name":"photostrip_Halloween.png"},{"path":"C:\\\\apache\\\\htdocs\\\\photobooth-app\\/public\\/uploads\\/temp\\/session_7.zip","name":"session_photos_7.zip"}]', 1, 'completed', 0, NULL, '2026-01-03 04:08:22', '2026-01-03 04:11:17'),
	(7, 'ahnrizki@gmail.com', 'Foto Session Photobooth Anda - Session #7', 'Terima kasih telah menggunakan layanan photobooth kami! Terlampir adalah hasil foto session Anda.', '[{"path":"C:\\\\apache\\\\htdocs\\\\photobooth-app\\/public\\/uploads\\/final_photostrips\\/final_photostrip_9_6958960f026e7.png","name":"photostrip_Christmas.png"},{"path":"C:\\\\apache\\\\htdocs\\\\photobooth-app\\/public\\/uploads\\/final_photostrips\\/final_photostrip_10_69589610301bc.png","name":"photostrip_Halloween.png"},{"path":"C:\\\\apache\\\\htdocs\\\\photobooth-app\\/public\\/uploads\\/temp\\/session_7.zip","name":"session_photos_7.zip"}]', 1, 'completed', 0, 'Reset from stuck processing state', '2026-01-03 04:08:32', '2026-01-03 04:12:51'),
	(8, 'ahnrizki@gmail.com', 'Foto Session Photobooth Anda - Session #7', 'Terima kasih telah menggunakan layanan photobooth kami! Terlampir adalah hasil foto session Anda.', '[{"path":"C:\\\\apache\\\\htdocs\\\\photobooth-app\\/public\\/uploads\\/final_photostrips\\/final_photostrip_9_6958960f026e7.png","name":"photostrip_Christmas.png"},{"path":"C:\\\\apache\\\\htdocs\\\\photobooth-app\\/public\\/uploads\\/final_photostrips\\/final_photostrip_10_69589610301bc.png","name":"photostrip_Halloween.png"},{"path":"C:\\\\apache\\\\htdocs\\\\photobooth-app\\/public\\/uploads\\/temp\\/session_7.zip","name":"session_photos_7.zip"}]', 1, 'completed', 0, NULL, '2026-01-03 04:09:01', '2026-01-03 04:14:25'),
	(9, 'ahnrizki@gmail.com', 'Foto Session Photobooth Anda - Session #7', 'Terima kasih telah menggunakan layanan photobooth kami! Terlampir adalah hasil foto session Anda.', '[{"path":"C:\\\\apache\\\\htdocs\\\\photobooth-app\\/public\\/uploads\\/final_photostrips\\/final_photostrip_9_6958960f026e7.png","name":"photostrip_Christmas.png"},{"path":"C:\\\\apache\\\\htdocs\\\\photobooth-app\\/public\\/uploads\\/final_photostrips\\/final_photostrip_10_69589610301bc.png","name":"photostrip_Halloween.png"},{"path":"C:\\\\apache\\\\htdocs\\\\photobooth-app\\/public\\/uploads\\/temp\\/session_7.zip","name":"session_photos_7.zip"}]', 1, 'completed', 0, NULL, '2026-01-03 04:09:37', '2026-01-03 04:16:00'),
	(10, 'ahnrizki@gmail.com', 'Foto Session Photobooth Anda - Session #7', 'Terima kasih telah menggunakan layanan photobooth kami! Terlampir adalah hasil foto session Anda.', '[{"path":"C:\\\\apache\\\\htdocs\\\\photobooth-app\\/public\\/uploads\\/final_photostrips\\/final_photostrip_9_6958979f6843a.png","name":"photostrip_Christmas.png"},{"path":"C:\\\\apache\\\\htdocs\\\\photobooth-app\\/public\\/uploads\\/final_photostrips\\/final_photostrip_10_695897a0a9872.png","name":"photostrip_Halloween.png"},{"path":"C:\\\\apache\\\\htdocs\\\\photobooth-app\\/public\\/uploads\\/temp\\/session_7.zip","name":"session_photos_7.zip"}]', 1, 'completed', 0, NULL, '2026-01-03 04:15:15', '2026-01-03 04:19:52'),
	(11, 'ahnrizki@gmail.com', 'Foto Session Photobooth Anda - Session #7', 'Terima kasih telah menggunakan layanan photobooth kami! Terlampir adalah hasil foto session Anda.', '[{"path":"C:\\\\apache\\\\htdocs\\\\photobooth-app\\/public\\/uploads\\/final_photostrips\\/final_photostrip_9_695898a558ea0.png","name":"photostrip_Christmas.png"},{"path":"C:\\\\apache\\\\htdocs\\\\photobooth-app\\/public\\/uploads\\/final_photostrips\\/final_photostrip_10_695898a6b9443.png","name":"photostrip_Halloween.png"},{"path":"C:\\\\apache\\\\htdocs\\\\photobooth-app\\/public\\/uploads\\/temp\\/session_7.zip","name":"session_photos_7.zip"}]', 1, 'completed', 0, NULL, '2026-01-03 04:18:53', '2026-01-03 04:21:36'),
	(12, 'ahnrizki@gmail.com', 'Foto Session Photobooth Anda - Session #7', 'Terima kasih telah menggunakan layanan photobooth kami! Terlampir adalah hasil foto session Anda.', '[{"path":"C:\\\\apache\\\\htdocs\\\\photobooth-app\\/public\\/uploads\\/final_photostrips\\/final_photostrip_9_6958995614a23.png","name":"photostrip_Christmas.png"},{"path":"C:\\\\apache\\\\htdocs\\\\photobooth-app\\/public\\/uploads\\/final_photostrips\\/final_photostrip_10_6958995758807.png","name":"photostrip_Halloween.png"},{"path":"C:\\\\apache\\\\htdocs\\\\photobooth-app\\/public\\/uploads\\/temp\\/session_7.zip","name":"session_photos_7.zip"}]', 1, 'completed', 0, NULL, '2026-01-03 04:21:49', '2026-01-03 04:23:30'),
	(13, 'ahnrizki@gmail.com', 'Foto Session Photobooth Anda - Session #7', 'Terima kasih telah menggunakan layanan photobooth kami! Terlampir adalah hasil foto session Anda.', '[{"path":"C:\\\\apache\\\\htdocs\\\\photobooth-app\\/public\\/uploads\\/final_photostrips\\/final_photostrip_9_69589a3754e88.png","name":"photostrip_Christmas.png"},{"path":"C:\\\\apache\\\\htdocs\\\\photobooth-app\\/public\\/uploads\\/final_photostrips\\/final_photostrip_10_69589a3876938.png","name":"photostrip_Halloween.png"},{"path":"C:\\\\apache\\\\htdocs\\\\photobooth-app\\/public\\/uploads\\/temp\\/session_7.zip","name":"session_photos_7.zip"}]', 1, 'completed', 0, NULL, '2026-01-03 04:25:34', '2026-01-03 04:27:14'),
	(14, 'ahnrizki@gmail.com', 'Foto Session Photobooth Anda - Session #7', 'Terima kasih telah menggunakan layanan photobooth kami! Terlampir adalah hasil foto session Anda.', '[{"path":"C:\\\\apache\\\\htdocs\\\\photobooth-app\\/public\\/uploads\\/final_photostrips\\/final_photostrip_9_69589bd73102a.png","name":"photostrip_Christmas.png"},{"path":"C:\\\\apache\\\\htdocs\\\\photobooth-app\\/public\\/uploads\\/final_photostrips\\/final_photostrip_10_69589bd858f2e.png","name":"photostrip_Halloween.png"},{"path":"C:\\\\apache\\\\htdocs\\\\photobooth-app\\/public\\/uploads\\/temp\\/session_7.zip","name":"session_photos_7.zip"}]', 1, 'completed', 0, NULL, '2026-01-03 04:32:39', '2026-01-03 04:34:13'),
	(15, 'ahnrizki@gmail.com', 'Foto Session Photobooth Anda - Session #10', 'Terima kasih telah menggunakan layanan photobooth kami! Terlampir adalah hasil foto session Anda.', '[{"path":"C:\\\\apache\\\\htdocs\\\\photobooth-app\\/public\\/uploads\\/final_photostrips\\/final_photostrip_11_6958f91631cb7.png","name":"photostrip_Christmas.png"},{"path":"C:\\\\apache\\\\htdocs\\\\photobooth-app\\/public\\/uploads\\/final_photostrips\\/final_photostrip_12_6958f916eb0dd.png","name":"photostrip_Halloween.png"},{"path":"C:\\\\apache\\\\htdocs\\\\photobooth-app\\/public\\/uploads\\/temp\\/session_10.zip","name":"session_photos_10.zip"}]', 1, 'failed', 1, 'Email service returned false', '2026-01-03 11:10:58', '2026-01-03 11:13:59'),
	(16, 'ahnrizki@gmail.com', 'Foto Session Photobooth Anda - Session #10', 'Terima kasih telah menggunakan layanan photobooth kami! Terlampir adalah hasil foto session Anda.', '[{"path":"C:\\\\apache\\\\htdocs\\\\photobooth-app\\/public\\/uploads\\/final_photostrips\\/final_photostrip_11_6958f91631cb7.png","name":"photostrip_Christmas.png"},{"path":"C:\\\\apache\\\\htdocs\\\\photobooth-app\\/public\\/uploads\\/final_photostrips\\/final_photostrip_12_6958f916eb0dd.png","name":"photostrip_Halloween.png"},{"path":"C:\\\\apache\\\\htdocs\\\\photobooth-app\\/public\\/uploads\\/temp\\/session_10.zip","name":"session_photos_10.zip"}]', 1, 'failed', 1, 'Email service returned false', '2026-01-03 11:11:53', '2026-01-03 11:23:57'),
	(17, 'ahnrizki@gmail.com', 'Foto Session Photobooth Anda - Session #10', 'Terima kasih telah menggunakan layanan photobooth kami! Terlampir adalah hasil foto session Anda.', '[{"path":"C:\\\\apache\\\\htdocs\\\\photobooth-app\\/public\\/uploads\\/final_photostrips\\/final_photostrip_11_6958f91631cb7.png","name":"photostrip_Christmas.png"},{"path":"C:\\\\apache\\\\htdocs\\\\photobooth-app\\/public\\/uploads\\/final_photostrips\\/final_photostrip_12_6958f916eb0dd.png","name":"photostrip_Halloween.png"},{"path":"C:\\\\apache\\\\htdocs\\\\photobooth-app\\/public\\/uploads\\/temp\\/session_10.zip","name":"session_photos_10.zip"}]', 1, 'completed', 0, NULL, '2026-01-03 11:12:02', '2026-01-03 11:26:43'),
	(18, 'ahnrizki@gmail.com', 'Foto Session Photobooth Anda - Session #10', 'Terima kasih telah menggunakan layanan photobooth kami! Terlampir adalah hasil foto session Anda.', '[{"path":"C:\\\\apache\\\\htdocs\\\\photobooth-app\\/public\\/uploads\\/final_photostrips\\/final_photostrip_11_6958f9b8bca09.png","name":"photostrip_Christmas.png"},{"path":"C:\\\\apache\\\\htdocs\\\\photobooth-app\\/public\\/uploads\\/final_photostrips\\/final_photostrip_12_6958f9b992817.png","name":"photostrip_Halloween.png"},{"path":"C:\\\\apache\\\\htdocs\\\\photobooth-app\\/public\\/uploads\\/temp\\/session_10.zip","name":"session_photos_10.zip"}]', 1, 'completed', 0, NULL, '2026-01-03 11:13:05', '2026-01-03 11:26:47'),
	(19, 'ahnrizki@gmail.com', 'Foto Session Photobooth Anda - Session #10', 'Terima kasih telah menggunakan layanan photobooth kami! Terlampir adalah hasil foto session Anda.', '[{"path":"C:\\\\apache\\\\htdocs\\\\photobooth-app\\/public\\/uploads\\/final_photostrips\\/final_photostrip_11_6958f9b8bca09.png","name":"photostrip_Christmas.png"},{"path":"C:\\\\apache\\\\htdocs\\\\photobooth-app\\/public\\/uploads\\/final_photostrips\\/final_photostrip_12_6958f9b992817.png","name":"photostrip_Halloween.png"},{"path":"C:\\\\apache\\\\htdocs\\\\photobooth-app\\/public\\/uploads\\/temp\\/session_10.zip","name":"session_photos_10.zip"}]', 1, 'completed', 0, NULL, '2026-01-03 11:15:20', '2026-01-03 11:26:50'),
	(20, 'ahnrizki@gmail.com', 'Foto Session Photobooth Anda - Session #10', 'Terima kasih telah menggunakan layanan photobooth kami! Terlampir adalah hasil foto session Anda.', '[{"path":"C:\\\\apache\\\\htdocs\\\\photobooth-app\\/public\\/uploads\\/final_photostrips\\/final_photostrip_11_6958f9b8bca09.png","name":"photostrip_Christmas.png"},{"path":"C:\\\\apache\\\\htdocs\\\\photobooth-app\\/public\\/uploads\\/final_photostrips\\/final_photostrip_12_6958f9b992817.png","name":"photostrip_Halloween.png"},{"path":"C:\\\\apache\\\\htdocs\\\\photobooth-app\\/public\\/uploads\\/temp\\/session_10.zip","name":"session_photos_10.zip"}]', 1, 'completed', 0, NULL, '2026-01-03 11:19:13', '2026-01-03 11:26:54'),
	(21, 'ahnrizki@gmail.com', 'Foto Session Photobooth Anda - Session #10', 'Terima kasih telah menggunakan layanan photobooth kami! Terlampir adalah hasil foto session Anda.', '[{"path":"C:\\\\apache\\\\htdocs\\\\photobooth-app\\/public\\/uploads\\/final_photostrips\\/final_photostrip_11_6958fc194b2bb.png","name":"photostrip_Christmas.png"},{"path":"C:\\\\apache\\\\htdocs\\\\photobooth-app\\/public\\/uploads\\/final_photostrips\\/final_photostrip_12_6958fc1a2866e.png","name":"photostrip_Halloween.png"},{"path":"C:\\\\apache\\\\htdocs\\\\photobooth-app\\/public\\/uploads\\/temp\\/session_10.zip","name":"session_photos_10.zip"}]', 1, 'completed', 0, NULL, '2026-01-03 11:23:14', '2026-01-03 11:26:58'),
	(22, 'ahnrizki@gmail.com', 'Foto Session Photobooth Anda - Session #10', 'Terima kasih telah menggunakan layanan photobooth kami! Terlampir adalah hasil foto session Anda.', '[{"path":"C:\\\\apache\\\\htdocs\\\\photobooth-app\\/public\\/uploads\\/final_photostrips\\/final_photostrip_11_6958fdb67954b.png","name":"photostrip_Christmas.png"},{"path":"C:\\\\apache\\\\htdocs\\\\photobooth-app\\/public\\/uploads\\/final_photostrips\\/final_photostrip_12_6958fdb756715.png","name":"photostrip_Halloween.png"},{"path":"C:\\\\apache\\\\htdocs\\\\photobooth-app\\/public\\/uploads\\/temp\\/session_10.zip","name":"session_photos_10.zip"}]', 1, 'completed', 0, NULL, '2026-01-03 11:30:07', '2026-01-03 11:30:12'),
	(23, 'bapelhacker@gmail.com', 'Foto Session Photobooth Anda - Session #10', 'Terima kasih telah menggunakan layanan photobooth kami! Terlampir adalah hasil foto session Anda.', '[{"path":"C:\\\\apache\\\\htdocs\\\\photobooth-app\\/public\\/uploads\\/final_photostrips\\/final_photostrip_11_6958fdb67954b.png","name":"photostrip_Christmas.png"},{"path":"C:\\\\apache\\\\htdocs\\\\photobooth-app\\/public\\/uploads\\/final_photostrips\\/final_photostrip_12_6958fdb756715.png","name":"photostrip_Halloween.png"},{"path":"C:\\\\apache\\\\htdocs\\\\photobooth-app\\/public\\/uploads\\/temp\\/session_10.zip","name":"session_photos_10.zip"}]', 1, 'completed', 0, NULL, '2026-01-03 11:30:41', '2026-01-03 11:30:46'),
	(24, 'ahnrizki@gmail.com', 'Foto Session Photobooth Anda - Session #10', 'Terima kasih telah menggunakan layanan photobooth kami! Terlampir adalah hasil foto session Anda.', '[{"path":"\\/uploads\\/final_photostrips\\/final_photostrip_11_6958fe4f691d6.png","name":"photostrip_Christmas.png"},{"path":"\\/uploads\\/final_photostrips\\/final_photostrip_12_6958fe505ce6e.png","name":"photostrip_Halloween.png"},{"path":"\\/uploads\\/temp\\/session_10.zip","name":"session_photos_10.zip"}]', 1, 'completed', 0, NULL, '2026-01-03 11:32:40', '2026-01-03 11:32:49'),
	(25, 'ahnrizki@gmail.com', 'Foto Session Photobooth Anda - Session #11', 'Terima kasih telah menggunakan layanan photobooth kami! Terlampir adalah hasil foto session Anda.', '[{"path":"\\/uploads\\/final_photostrips\\/final_photostrip_13_695e612719be7.png","name":"photostrip_Christmas.png"},{"path":"\\/uploads\\/final_photostrips\\/final_photostrip_14_695e612851bc2.png","name":"photostrip_Halloween.png"},{"path":"\\/uploads\\/temp\\/session_11.zip","name":"session_photos_11.zip"}]', 1, 'completed', 0, NULL, '2026-01-07 13:36:22', '2026-01-11 13:52:09'),
	(26, 'ahnrizki@gmail.com', 'Foto Session Photobooth Anda - Session #14', 'Terima kasih telah menggunakan layanan photobooth kami! Terlampir adalah hasil foto session Anda.', '[{"path":"\\/uploads\\/final_photostrips\\/final_photostrip_15_6963aacfca84f.png","name":"photostrip_Christmas.png"},{"path":"\\/uploads\\/final_photostrips\\/final_photostrip_16_6963aad085b37.png","name":"photostrip_Halloween.png"},{"path":"\\/uploads\\/final_photostrips\\/final_photostrip_17_6963aad1449e7.png","name":"photostrip_aa.png"},{"path":"\\/uploads\\/temp\\/session_14.zip","name":"session_photos_14.zip"}]', 1, 'completed', 0, NULL, '2026-01-11 13:52:23', '2026-01-11 13:52:33'),
	(27, 'ahnrizki@gmail.com', 'Foto Session Photobooth Anda - Session #23', 'Terima kasih telah menggunakan layanan photobooth kami! Terlampir adalah hasil foto session Anda.', '[{"path":"\\/uploads\\/final_photostrips\\/final_photostrip_20_698a9be015007.png","name":"photostrip_Christmas.png"},{"path":"\\/uploads\\/final_photostrips\\/final_photostrip_21_698a9be162909.png","name":"photostrip_Halloween.png"},{"path":"\\/uploads\\/temp\\/session_23.zip","name":"session_photos_23.zip"}]', 1, 'completed', 0, NULL, '2026-02-10 02:48:08', '2026-02-10 02:48:14'),
	(28, 'ahnrizki@gmail.com', 'Foto Session Photobooth Anda - Session #36', 'Terima kasih telah menggunakan layanan photobooth kami! Terlampir adalah hasil foto session Anda.', '[{"path":"\\/uploads\\/final_photostrips\\/final_photostrip_42_698ae4537a3b5.png","name":"photostrip_transparant.png"},{"path":"\\/uploads\\/final_photostrips\\/final_photostrip_43_698ae454937bf.png","name":"photostrip_Default Frame 2.png"},{"path":"\\/uploads\\/photostrips\\/photostrip_layout_36_12_698ae3c7c5965.png","name":"photostrip_Default Frame 1.png"}]', 1, 'completed', 0, NULL, '2026-02-10 07:55:57', '2026-02-10 07:56:18'),
	(29, 'ahnrizki@gmail.com', 'Foto Session Photobooth Anda - Session #37', 'Terima kasih telah menggunakan layanan photobooth kami! Terlampir adalah hasil foto session Anda.', '[{"path":"\\/uploads\\/final_photostrips\\/final_photostrip_45_698ae571b105a.png","name":"photostrip_transparant.png"},{"path":"\\/uploads\\/final_photostrips\\/final_photostrip_46_698ae572bdde8.png","name":"photostrip_Default Frame 2.png"},{"path":"\\/uploads\\/temp\\/session_37.zip","name":"session_photos_37.zip"}]', 1, 'completed', 0, NULL, '2026-02-10 07:59:56', '2026-02-10 08:00:01'),
	(30, 'ahnrizki@gmail.com', 'Foto Session Photobooth Anda - Session #45', 'Terima kasih telah menggunakan layanan photobooth kami! Terlampir adalah hasil foto session Anda.', '[{"path":"\\/uploads\\/final_photostrips\\/final_photostrip_53_698b105238976.png","name":"photostrip_Summers.png"},{"path":"\\/uploads\\/final_photostrips\\/final_photostrip_54_698b10546dfbc.png","name":"photostrip_New Year.png"},{"path":"\\/uploads\\/final_photostrips\\/final_photostrip_55_698b10565796f.png","name":"photostrip_Transparant 2.png"},{"path":"\\/uploads\\/temp\\/session_45.zip","name":"session_photos_45.zip"}]', 1, 'completed', 0, NULL, '2026-02-10 11:03:30', '2026-02-10 11:03:36'),
	(31, 'ahnrizki@gmail.com', 'Foto Session Photobooth Anda - Session #53', 'Terima kasih telah menggunakan layanan photobooth kami! Terlampir adalah hasil foto session Anda.', '[{"path":"\\/uploads\\/final_photostrips\\/final_photostrip_60_698d3b789d4d3.png","name":"photostrip_Summers.png"},{"path":"\\/uploads\\/final_photostrips\\/final_photostrip_61_698d3b7bd0e29.png","name":"photostrip_New Year.png"},{"path":"\\/uploads\\/temp\\/session_53.zip","name":"session_photos_53.zip"}]', 1, 'completed', 0, NULL, '2026-02-12 02:31:35', '2026-02-12 02:31:47');

-- Dumping structure for table photobooth_db.events
CREATE TABLE IF NOT EXISTS `events` (
  `id` int(11) NOT NULL AUTO_INCREMENT,
  `event_name` varchar(255) NOT NULL,
  `event_date` date NOT NULL,
  `qris_image_path` varchar(255) DEFAULT NULL,
  `status` enum('active','inactive','archived') NOT NULL DEFAULT 'active',
  `created_at` timestamp NOT NULL DEFAULT current_timestamp(),
  PRIMARY KEY (`id`)
) ENGINE=InnoDB DEFAULT CHARSET=utf8mb4 COLLATE=utf8mb4_general_ci;

-- Dumping data for table photobooth_db.events: ~0 rows (approximately)

-- Dumping structure for table photobooth_db.packages
CREATE TABLE IF NOT EXISTS `packages` (
  `id` int(11) NOT NULL AUTO_INCREMENT,
  `name` varchar(255) NOT NULL,
  `description` text DEFAULT NULL,
  `price` decimal(10,2) NOT NULL,
  `photo_limit` int(11) NOT NULL DEFAULT 1 COMMENT 'Jumlah photostrip yang akan dicetak',
  `photo_slots` int(11) NOT NULL DEFAULT 4 COMMENT 'Jumlah foto per photostrip',
  `retake_limit` int(11) NOT NULL DEFAULT 0 COMMENT 'Jumlah retake yang diizinkan',
  `frame_limit` int(11) NOT NULL DEFAULT 1 COMMENT 'Jumlah frame yang bisa dipilih',
  `session_duration` int(11) NOT NULL DEFAULT 300 COMMENT 'Durasi sesi foto dalam detik',
  `max_save_photos` int(11) NOT NULL DEFAULT 20 COMMENT 'Maksimal foto yang bisa disimpan',
  `created_at` timestamp NULL DEFAULT current_timestamp(),
  PRIMARY KEY (`id`)
) ENGINE=InnoDB AUTO_INCREMENT=4 DEFAULT CHARSET=utf8mb4 COLLATE=utf8mb4_general_ci;

-- Dumping data for table photobooth_db.packages: ~3 rows (approximately)
INSERT INTO `packages` (`id`, `name`, `description`, `price`, `photo_limit`, `photo_slots`, `retake_limit`, `frame_limit`, `session_duration`, `max_save_photos`, `created_at`) VALUES
	(1, 'Paket Ceria', 'Paket ideal untuk bersenang-senang dengan teman-teman!', 25000.00, 2, 4, 3, 2, 300, 20, '2026-01-02 18:01:46'),
	(2, 'Paket Seru', 'Lebih banyak foto, lebih banyak kenangan!', 35000.00, 3, 4, 5, 3, 450, 30, '2026-01-02 18:01:46'),
	(3, 'Paket Spektakuler', 'Paket lengkap untuk acara spesial!', 40000.00, 4, 6, 10, 4, 600, 50, '2026-01-02 18:01:46');

-- Dumping structure for table photobooth_db.payment_sessions
CREATE TABLE IF NOT EXISTS `payment_sessions` (
  `id` varchar(255) NOT NULL,
  `event_id` int(11) NOT NULL,
  `status` enum('pending','paid','expired') NOT NULL DEFAULT 'pending',
  `created_at` timestamp NOT NULL DEFAULT current_timestamp(),
  `paid_at` timestamp NULL DEFAULT NULL,
  PRIMARY KEY (`id`),
  KEY `event_id` (`event_id`),
  CONSTRAINT `payment_sessions_ibfk_1` FOREIGN KEY (`event_id`) REFERENCES `events` (`id`) ON DELETE CASCADE
) ENGINE=InnoDB DEFAULT CHARSET=utf8mb4 COLLATE=utf8mb4_general_ci;

-- Dumping data for table photobooth_db.payment_sessions: ~0 rows (approximately)

-- Dumping structure for table photobooth_db.photo_session_photos
CREATE TABLE IF NOT EXISTS `photo_session_photos` (
  `id` int(11) NOT NULL AUTO_INCREMENT,
  `session_id` int(11) NOT NULL,
  `file_path` varchar(255) NOT NULL,
  `is_saved` tinyint(1) NOT NULL DEFAULT 0 COMMENT 'Whether user chose to save this photo',
  `taken_at` timestamp NULL DEFAULT current_timestamp(),
  PRIMARY KEY (`id`),
  KEY `session_id` (`session_id`),
  CONSTRAINT `photo_session_photos_ibfk_1` FOREIGN KEY (`session_id`) REFERENCES `photo_sessions` (`id`) ON DELETE CASCADE
) ENGINE=InnoDB AUTO_INCREMENT=370 DEFAULT CHARSET=utf8mb4 COLLATE=utf8mb4_general_ci;

-- Dumping data for table photobooth_db.photo_session_photos: ~335 rows (approximately)
INSERT INTO `photo_session_photos` (`id`, `session_id`, `file_path`, `is_saved`, `taken_at`) VALUES
	(1, 1, '/uploads/session_photos/session_1_69580a5ea3b3b.png', 1, '2026-01-02 18:11:42'),
	(2, 1, '/uploads/session_photos/session_1_69580a60d1d50.png', 1, '2026-01-02 18:11:44'),
	(3, 1, '/uploads/session_photos/session_1_69580a6155e95.png', 1, '2026-01-02 18:11:45'),
	(4, 1, '/uploads/session_photos/session_1_69580a64b2c99.png', 1, '2026-01-02 18:11:48'),
	(5, 1, '/uploads/session_photos/session_1_69580a6d86d0b.png', 1, '2026-01-02 18:11:57'),
	(6, 1, '/uploads/session_photos/session_1_69580a71d7610.png', 1, '2026-01-02 18:12:01'),
	(7, 1, '/uploads/session_photos/session_1_69580a7225f92.png', 1, '2026-01-02 18:12:02'),
	(8, 1, '/uploads/session_photos/session_1_69580a7288c84.png', 1, '2026-01-02 18:12:02'),
	(9, 1, '/uploads/session_photos/session_1_69580a72d44fc.png', 1, '2026-01-02 18:12:02'),
	(10, 1, '/uploads/session_photos/session_1_69580a72ea682.png', 1, '2026-01-02 18:12:02'),
	(11, 1, '/uploads/session_photos/session_1_69580a730d4f9.png', 1, '2026-01-02 18:12:03'),
	(12, 2, '/uploads/session_photos/session_2_69580aa89a07d.png', 1, '2026-01-02 18:12:56'),
	(14, 2, '/uploads/session_photos/session_2_69580ac23ee5b.png', 1, '2026-01-02 18:13:22'),
	(15, 3, '/uploads/session_photos/session_3_69580b32665cb.png', 1, '2026-01-02 18:15:14'),
	(16, 3, '/uploads/session_photos/session_3_69580b33b4d34.png', 1, '2026-01-02 18:15:15'),
	(17, 3, '/uploads/session_photos/session_3_69580b398fb6c.png', 1, '2026-01-02 18:15:21'),
	(18, 3, '/uploads/session_photos/session_3_69580b7597948.png', 1, '2026-01-02 18:16:21'),
	(19, 3, '/uploads/session_photos/session_3_69580b7875899.png', 1, '2026-01-02 18:16:24'),
	(20, 3, '/uploads/session_photos/session_3_69580b78ac0a3.png', 1, '2026-01-02 18:16:24'),
	(21, 3, '/uploads/session_photos/session_3_69580baf52d2a.png', 1, '2026-01-02 18:17:19'),
	(22, 3, '/uploads/session_photos/session_3_69580bb17f20d.png', 1, '2026-01-02 18:17:21'),
	(23, 3, '/uploads/session_photos/session_3_69580bb629ccd.png', 1, '2026-01-02 18:17:26'),
	(24, 3, '/uploads/session_photos/session_3_69580bb8e38fd.png', 1, '2026-01-02 18:17:28'),
	(25, 3, '/uploads/session_photos/session_3_69580bba27578.png', 1, '2026-01-02 18:17:30'),
	(26, 3, '/uploads/session_photos/session_3_69580bbb5e669.png', 1, '2026-01-02 18:17:31'),
	(27, 3, '/uploads/session_photos/session_3_69580bbc120c9.png', 1, '2026-01-02 18:17:32'),
	(28, 3, '/uploads/session_photos/session_3_69580bbd1a4ac.png', 1, '2026-01-02 18:17:33'),
	(29, 3, '/uploads/session_photos/session_3_69580bc04808a.png', 1, '2026-01-02 18:17:36'),
	(30, 3, '/uploads/session_photos/session_3_69580bc057803.png', 1, '2026-01-02 18:17:36'),
	(31, 3, '/uploads/session_photos/session_3_69580bc0a213d.png', 1, '2026-01-02 18:17:36'),
	(32, 4, '/uploads/session_photos/session_4_69580cfb68866.png', 1, '2026-01-02 18:22:51'),
	(33, 4, '/uploads/session_photos/session_4_69580d02da7ff.png', 1, '2026-01-02 18:22:58'),
	(34, 4, '/uploads/session_photos/session_4_69580d041b743.png', 1, '2026-01-02 18:23:00'),
	(35, 4, '/uploads/session_photos/session_4_69580d042c280.png', 1, '2026-01-02 18:23:00'),
	(36, 4, '/uploads/session_photos/session_4_69580d0572c65.png', 1, '2026-01-02 18:23:01'),
	(37, 4, '/uploads/session_photos/session_4_69580d05a4931.png', 1, '2026-01-02 18:23:01'),
	(38, 4, '/uploads/session_photos/session_4_69580d05abc4d.png', 1, '2026-01-02 18:23:01'),
	(39, 4, '/uploads/session_photos/session_4_69580d05ada3b.png', 1, '2026-01-02 18:23:01'),
	(40, 4, '/uploads/session_photos/session_4_69580d05af6cf.png', 1, '2026-01-02 18:23:01'),
	(41, 4, '/uploads/session_photos/session_4_69580d05bfb82.png', 1, '2026-01-02 18:23:01'),
	(42, 4, '/uploads/session_photos/session_4_69580d05dc5c3.png', 1, '2026-01-02 18:23:01'),
	(43, 4, '/uploads/session_photos/session_4_69580d0da33be.png', 1, '2026-01-02 18:23:09'),
	(44, 5, '/uploads/session_photos/session_5_6958177757887.png', 1, '2026-01-02 19:07:35'),
	(45, 5, '/uploads/session_photos/session_5_69581785ec5f1.png', 1, '2026-01-02 19:07:49'),
	(46, 5, '/uploads/session_photos/session_5_6958178e7a8ee.png', 1, '2026-01-02 19:07:58'),
	(47, 5, '/uploads/session_photos/session_5_6958178feee2e.png', 1, '2026-01-02 19:07:59'),
	(48, 5, '/uploads/session_photos/session_5_695817925e155.png', 1, '2026-01-02 19:08:02'),
	(49, 5, '/uploads/session_photos/session_5_6958179465df8.png', 1, '2026-01-02 19:08:04'),
	(50, 5, '/uploads/session_photos/session_5_6958179585fbe.png', 1, '2026-01-02 19:08:05'),
	(51, 5, '/uploads/session_photos/session_5_69581796669da.png', 1, '2026-01-02 19:08:06'),
	(52, 5, '/uploads/session_photos/session_5_6958179676121.png', 1, '2026-01-02 19:08:06'),
	(53, 6, '/uploads/session_photos/session_6_6958922de8475.png', 1, '2026-01-03 03:51:09'),
	(54, 6, '/uploads/session_photos/session_6_695892479d41e.png', 1, '2026-01-03 03:51:35'),
	(55, 6, '/uploads/session_photos/session_6_695892513610f.png', 1, '2026-01-03 03:51:45'),
	(56, 6, '/uploads/session_photos/session_6_6958925239370.png', 1, '2026-01-03 03:51:46'),
	(57, 6, '/uploads/session_photos/session_6_69589252a08d9.png', 1, '2026-01-03 03:51:46'),
	(58, 6, '/uploads/session_photos/session_6_6958925332dee.png', 1, '2026-01-03 03:51:47'),
	(59, 6, '/uploads/session_photos/session_6_6958925395e38.png', 1, '2026-01-03 03:51:47'),
	(60, 6, '/uploads/session_photos/session_6_69589253c7689.png', 1, '2026-01-03 03:51:47'),
	(61, 6, '/uploads/session_photos/session_6_69589254459dc.png', 1, '2026-01-03 03:51:48'),
	(62, 7, '/uploads/session_photos/session_7_695895dd7945e.png', 1, '2026-01-03 04:06:53'),
	(63, 7, '/uploads/session_photos/session_7_695895e2c4302.png', 1, '2026-01-03 04:06:58'),
	(64, 7, '/uploads/session_photos/session_7_695895e712a75.png', 1, '2026-01-03 04:07:03'),
	(65, 7, '/uploads/session_photos/session_7_695895eed08e2.png', 1, '2026-01-03 04:07:10'),
	(66, 7, '/uploads/session_photos/session_7_695895efd1070.png', 1, '2026-01-03 04:07:11'),
	(67, 7, '/uploads/session_photos/session_7_695895efdfd7c.png', 1, '2026-01-03 04:07:11'),
	(68, 8, '/uploads/session_photos/session_8_6958f527b0aea.png', 1, '2026-01-03 10:53:27'),
	(69, 9, '/uploads/session_photos/session_9_6958f5947fc2a.png', 1, '2026-01-03 10:55:16'),
	(70, 9, '/uploads/session_photos/session_9_6958f59608e87.png', 1, '2026-01-03 10:55:18'),
	(71, 10, '/uploads/session_photos/session_10_6958f7129dff7.png', 1, '2026-01-03 11:01:38'),
	(72, 10, '/uploads/session_photos/session_10_6958f720d7e2f.png', 1, '2026-01-03 11:01:52'),
	(73, 10, '/uploads/session_photos/session_10_6958f73082750.png', 1, '2026-01-03 11:02:08'),
	(74, 10, '/uploads/session_photos/session_10_6958f7466db31.png', 1, '2026-01-03 11:02:30'),
	(75, 10, '/uploads/session_photos/session_10_6958f7517621f.png', 1, '2026-01-03 11:02:41'),
	(76, 10, '/uploads/session_photos/session_10_6958f753b4486.png', 1, '2026-01-03 11:02:43'),
	(77, 10, '/uploads/session_photos/session_10_6958f75e14fef.png', 1, '2026-01-03 11:02:54'),
	(78, 10, '/uploads/session_photos/session_10_6958f7a1b09eb.png', 1, '2026-01-03 11:04:01'),
	(79, 10, '/uploads/session_photos/session_10_6958f8276ad71.png', 1, '2026-01-03 11:06:15'),
	(80, 10, '/uploads/session_photos/session_10_6958f830c21e8.png', 1, '2026-01-03 11:06:24'),
	(81, 10, '/uploads/session_photos/session_10_6958f83bd611e.png', 1, '2026-01-03 11:06:35'),
	(82, 10, '/uploads/session_photos/session_10_6958f845d2070.png', 1, '2026-01-03 11:06:45'),
	(83, 10, '/uploads/session_photos/session_10_6958f850a93a5.png', 1, '2026-01-03 11:06:56'),
	(84, 10, '/uploads/session_photos/session_10_6958f85d75846.png', 1, '2026-01-03 11:07:09'),
	(85, 10, '/uploads/session_photos/session_10_6958f86776b42.png', 1, '2026-01-03 11:07:19'),
	(86, 11, '/uploads/session_photos/session_11_695e60508b269.png', 1, '2026-01-07 13:32:00'),
	(87, 11, '/uploads/session_photos/session_11_695e60656950e.png', 1, '2026-01-07 13:32:21'),
	(88, 11, '/uploads/session_photos/session_11_695e607549a61.png', 1, '2026-01-07 13:32:37'),
	(89, 11, '/uploads/session_photos/session_11_695e60893a02e.png', 1, '2026-01-07 13:32:57'),
	(90, 11, '/uploads/session_photos/session_11_695e60977a6b1.png', 1, '2026-01-07 13:33:11'),
	(91, 11, '/uploads/session_photos/session_11_695e60c66349d.png', 1, '2026-01-07 13:33:58'),
	(92, 11, '/uploads/session_photos/session_11_695e60d817212.png', 1, '2026-01-07 13:34:16'),
	(93, 11, '/uploads/session_photos/session_11_695e60fcab0ea.png', 1, '2026-01-07 13:34:52'),
	(94, 12, '/uploads/session_photos/session_12_6963a51cbb291.png', 1, '2026-01-11 13:26:52'),
	(95, 12, '/uploads/session_photos/session_12_6963a5b040767.png', 1, '2026-01-11 13:29:20'),
	(96, 12, '/uploads/session_photos/session_12_6963a5d7b2ad2.png', 1, '2026-01-11 13:29:59'),
	(97, 12, '/uploads/session_photos/session_12_6963a5fadd895.png', 1, '2026-01-11 13:30:34'),
	(98, 12, '/uploads/session_photos/session_12_6963a6181090b.png', 1, '2026-01-11 13:31:04'),
	(99, 12, '/uploads/session_photos/session_12_6963a66889204.png', 1, '2026-01-11 13:32:24'),
	(100, 13, '/uploads/session_photos/session_13_6963a7d8310f6.png', 1, '2026-01-11 13:38:32'),
	(101, 13, '/uploads/session_photos/session_13_6963a7fcee3de.png', 1, '2026-01-11 13:39:08'),
	(102, 13, '/uploads/session_photos/session_13_6963a82ed578a.png', 1, '2026-01-11 13:39:58'),
	(103, 13, '/uploads/session_photos/session_13_6963a83f6863a.png', 1, '2026-01-11 13:40:15'),
	(104, 13, '/uploads/session_photos/session_13_6963a85c91086.png', 1, '2026-01-11 13:40:44'),
	(105, 14, '/uploads/session_photos/session_14_6963a9dfa15e3.png', 1, '2026-01-11 13:47:11'),
	(106, 14, '/uploads/session_photos/session_14_6963a9e676c71.png', 1, '2026-01-11 13:47:18'),
	(107, 14, '/uploads/session_photos/session_14_6963a9eace0f9.png', 1, '2026-01-11 13:47:22'),
	(108, 14, '/uploads/session_photos/session_14_6963a9f067ac3.png', 1, '2026-01-11 13:47:28'),
	(109, 14, '/uploads/session_photos/session_14_6963a9f998d8f.png', 1, '2026-01-11 13:47:37'),
	(110, 14, '/uploads/session_photos/session_14_6963aa01eadca.png', 1, '2026-01-11 13:47:45'),
	(111, 14, '/uploads/session_photos/session_14_6963aa0c7ad0e.png', 1, '2026-01-11 13:47:56'),
	(112, 14, '/uploads/session_photos/session_14_6963aa1ab6982.png', 1, '2026-01-11 13:48:10'),
	(113, 14, '/uploads/session_photos/session_14_6963aa2165a67.png', 1, '2026-01-11 13:48:17'),
	(114, 14, '/uploads/session_photos/session_14_6963aa264d831.png', 1, '2026-01-11 13:48:22'),
	(115, 14, '/uploads/session_photos/session_14_6963aa2adeb1a.png', 1, '2026-01-11 13:48:26'),
	(116, 14, '/uploads/session_photos/session_14_6963aa2e7750d.png', 1, '2026-01-11 13:48:30'),
	(117, 14, '/uploads/session_photos/session_14_6963aa316b261.png', 1, '2026-01-11 13:48:33'),
	(118, 14, '/uploads/session_photos/session_14_6963aa44ea9ba.png', 1, '2026-01-11 13:48:52'),
	(119, 14, '/uploads/session_photos/session_14_6963aa47e4dbf.png', 1, '2026-01-11 13:48:55'),
	(120, 14, '/uploads/session_photos/session_14_6963aa4c4f79e.png', 1, '2026-01-11 13:49:00'),
	(121, 14, '/uploads/session_photos/session_14_6963aa4f46b5b.png', 1, '2026-01-11 13:49:03'),
	(122, 14, '/uploads/session_photos/session_14_6963aa52beff9.png', 1, '2026-01-11 13:49:06'),
	(123, 14, '/uploads/session_photos/session_14_6963aa55e1465.png', 1, '2026-01-11 13:49:09'),
	(124, 14, '/uploads/session_photos/session_14_6963aa593c9fb.png', 1, '2026-01-11 13:49:13'),
	(125, 14, '/uploads/session_photos/session_14_6963aa5d32df4.png', 1, '2026-01-11 13:49:17'),
	(126, 14, '/uploads/session_photos/session_14_6963aa60f2a49.png', 1, '2026-01-11 13:49:20'),
	(127, 14, '/uploads/session_photos/session_14_6963aa6466866.png', 1, '2026-01-11 13:49:24'),
	(128, 14, '/uploads/session_photos/session_14_6963aa67b75aa.png', 1, '2026-01-11 13:49:27'),
	(129, 14, '/uploads/session_photos/session_14_6963aa6c44788.png', 1, '2026-01-11 13:49:32'),
	(130, 14, '/uploads/session_photos/session_14_6963aa6fc54ba.png', 1, '2026-01-11 13:49:35'),
	(131, 14, '/uploads/session_photos/session_14_6963aa735c8c1.png', 1, '2026-01-11 13:49:39'),
	(132, 14, '/uploads/session_photos/session_14_6963aa77cc969.png', 1, '2026-01-11 13:49:43'),
	(133, 14, '/uploads/session_photos/session_14_6963aa7aece51.png', 1, '2026-01-11 13:49:46'),
	(134, 14, '/uploads/session_photos/session_14_6963aa7dcca1a.png', 1, '2026-01-11 13:49:49'),
	(135, 17, '/uploads/session_photos/session_17_698a8ecba05af.png', 1, '2026-02-10 01:50:03'),
	(136, 17, '/uploads/session_photos/session_17_698a8ed08b1e3.png', 1, '2026-02-10 01:50:08'),
	(137, 18, '/uploads/session_photos/session_18_698a919f1d35d.png', 1, '2026-02-10 02:02:07'),
	(138, 18, '/uploads/session_photos/session_18_698a91a231b68.png', 1, '2026-02-10 02:02:10'),
	(139, 18, '/uploads/session_photos/session_18_698a91a63d848.png', 1, '2026-02-10 02:02:14'),
	(140, 18, '/uploads/session_photos/session_18_698a91bc22112.png', 1, '2026-02-10 02:02:36'),
	(141, 18, '/uploads/session_photos/session_18_698a91c327239.png', 1, '2026-02-10 02:02:43'),
	(142, 18, '/uploads/session_photos/session_18_698a91c7cc5fc.png', 1, '2026-02-10 02:02:47'),
	(143, 18, '/uploads/session_photos/session_18_698a91cc2c0e1.png', 1, '2026-02-10 02:02:52'),
	(144, 19, '/uploads/session_photos/session_19_698a95d3ab9c7.png', 1, '2026-02-10 02:20:03'),
	(145, 19, '/uploads/session_photos/session_19_698a95d7505a4.png', 1, '2026-02-10 02:20:07'),
	(146, 19, '/uploads/session_photos/session_19_698a95dc4439c.png', 1, '2026-02-10 02:20:12'),
	(147, 19, '/uploads/session_photos/session_19_698a95dfd8cac.png', 1, '2026-02-10 02:20:15'),
	(148, 19, '/uploads/session_photos/session_19_698a95e516dd8.png', 1, '2026-02-10 02:20:21'),
	(149, 19, '/uploads/session_photos/session_19_698a95e93ea7b.png', 1, '2026-02-10 02:20:25'),
	(150, 19, '/uploads/session_photos/session_19_698a95ed611a4.png', 1, '2026-02-10 02:20:29'),
	(151, 19, '/uploads/session_photos/session_19_698a95f179eb8.png', 1, '2026-02-10 02:20:33'),
	(152, 19, '/uploads/session_photos/session_19_698a96fc95f7f.png', 1, '2026-02-10 02:25:00'),
	(153, 19, '/uploads/session_photos/session_19_698a9704bca10.png', 1, '2026-02-10 02:25:08'),
	(154, 19, '/uploads/session_photos/session_19_698a970c40ed9.png', 1, '2026-02-10 02:25:16'),
	(155, 19, '/uploads/session_photos/session_19_698a9717c4cbe.png', 1, '2026-02-10 02:25:27'),
	(156, 19, '/uploads/session_photos/session_19_698a971e642f4.png', 1, '2026-02-10 02:25:34'),
	(157, 19, '/uploads/session_photos/session_19_698a972431efd.png', 1, '2026-02-10 02:25:40'),
	(158, 23, '/uploads/session_photos/session_23_698a9b94a73fe.png', 1, '2026-02-10 02:44:36'),
	(159, 23, '/uploads/session_photos/session_23_698a9b98830f7.png', 1, '2026-02-10 02:44:40'),
	(160, 23, '/uploads/session_photos/session_23_698a9b9ee6daf.png', 1, '2026-02-10 02:44:46'),
	(161, 23, '/uploads/session_photos/session_23_698a9ba38154a.png', 1, '2026-02-10 02:44:51'),
	(162, 23, '/uploads/session_photos/session_23_698a9bbcee3c1.png', 1, '2026-02-10 02:45:16'),
	(163, 23, '/uploads/session_photos/session_23_698a9bc198552.png', 1, '2026-02-10 02:45:21'),
	(164, 24, '/uploads/session_photos/session_24_698aa201da9e3.png', 1, '2026-02-10 03:12:01'),
	(165, 24, '/uploads/session_photos/session_24_698aa20565aa3.png', 1, '2026-02-10 03:12:05'),
	(166, 24, '/uploads/session_photos/session_24_698aa20868fe7.png', 1, '2026-02-10 03:12:08'),
	(167, 24, '/uploads/session_photos/session_24_698aa20be8a92.png', 1, '2026-02-10 03:12:11'),
	(168, 24, '/uploads/session_photos/session_24_698aa20f709fc.png', 1, '2026-02-10 03:12:15'),
	(169, 24, '/uploads/session_photos/session_24_698aa21273a0e.png', 1, '2026-02-10 03:12:18'),
	(170, 25, '/uploads/session_photos/session_25_698aa4653eecd.png', 1, '2026-02-10 03:22:13'),
	(171, 25, '/uploads/session_photos/session_25_698aa46881a88.png', 1, '2026-02-10 03:22:16'),
	(172, 25, '/uploads/session_photos/session_25_698aa46d4977a.png', 1, '2026-02-10 03:22:21'),
	(173, 25, '/uploads/session_photos/session_25_698aa470d16aa.png', 1, '2026-02-10 03:22:24'),
	(174, 25, '/uploads/session_photos/session_25_698aa4757c38e.png', 1, '2026-02-10 03:22:29'),
	(175, 25, '/uploads/session_photos/session_25_698aa478be4b3.png', 1, '2026-02-10 03:22:32'),
	(176, 25, '/uploads/session_photos/session_25_698aa480bf4f7.png', 1, '2026-02-10 03:22:40'),
	(177, 25, '/uploads/session_photos/session_25_698aa48483a64.png', 1, '2026-02-10 03:22:44'),
	(178, 25, '/uploads/session_photos/session_25_698aa48a04d19.png', 1, '2026-02-10 03:22:50'),
	(179, 28, '/uploads/session_photos/session_28_698ab1a73f686.png', 1, '2026-02-10 04:18:47'),
	(180, 28, '/uploads/session_photos/session_28_698ab1b294840.png', 1, '2026-02-10 04:18:58'),
	(181, 28, '/uploads/session_photos/session_28_698ab1bc66bc2.png', 1, '2026-02-10 04:19:08'),
	(182, 28, '/uploads/session_photos/session_28_698ab204532be.png', 1, '2026-02-10 04:20:20'),
	(183, 28, '/uploads/session_photos/session_28_698ab270299cd.png', 1, '2026-02-10 04:22:08'),
	(184, 28, '/uploads/session_photos/session_28_698ab27a9224a.png', 1, '2026-02-10 04:22:18'),
	(185, 28, '/uploads/session_photos/session_28_698ab2b4c98a6.png', 1, '2026-02-10 04:23:17'),
	(186, 28, '/uploads/session_photos/session_28_698ab2d87a844.png', 1, '2026-02-10 04:23:52'),
	(187, 28, '/uploads/session_photos/session_28_698ab2f5d75e5.png', 1, '2026-02-10 04:24:22'),
	(188, 28, '/uploads/session_photos/session_28_698ab300e85b2.png', 1, '2026-02-10 04:24:33'),
	(189, 28, '/uploads/session_photos/session_28_698ab30f87b76.png', 1, '2026-02-10 04:24:47'),
	(190, 26, '/uploads/session_photos/session_26_698ab75a94162.png', 1, '2026-02-10 04:43:06'),
	(191, 26, '/uploads/session_photos/session_26_698ab7a690150.png', 1, '2026-02-10 04:44:22'),
	(192, 26, '/uploads/session_photos/session_26_698ab7ac96bac.png', 1, '2026-02-10 04:44:28'),
	(193, 26, '/uploads/session_photos/session_26_698ab7b4500fb.png', 1, '2026-02-10 04:44:36'),
	(194, 26, '/uploads/session_photos/session_26_698ab7b9d4cfa.png', 1, '2026-02-10 04:44:42'),
	(195, 26, '/uploads/session_photos/session_26_698ab7c26fbc2.png', 1, '2026-02-10 04:44:50'),
	(196, 26, '/uploads/session_photos/session_26_698ab7c80a2e5.png', 1, '2026-02-10 04:44:56'),
	(197, 30, '/uploads/session_photos/session_30_698ac13829375.png', 1, '2026-02-10 05:25:12'),
	(198, 30, '/uploads/session_photos/session_30_698ac13d64320.png', 1, '2026-02-10 05:25:17'),
	(199, 30, '/uploads/session_photos/session_30_698ac143429b3.png', 1, '2026-02-10 05:25:23'),
	(200, 30, '/uploads/session_photos/session_30_698ac148416f1.png', 1, '2026-02-10 05:25:28'),
	(201, 30, '/uploads/session_photos/session_30_698ac14cf26ae.png', 1, '2026-02-10 05:25:33'),
	(202, 30, '/uploads/session_photos/session_30_698ac152816ca.png', 1, '2026-02-10 05:25:38'),
	(203, 30, '/uploads/session_photos/session_30_698ac157b18ab.png', 1, '2026-02-10 05:25:43'),
	(204, 31, '/uploads/session_photos/session_31_698ac492a3d53.png', 1, '2026-02-10 05:39:30'),
	(205, 31, '/uploads/session_photos/session_31_698ac49720c7d.png', 1, '2026-02-10 05:39:35'),
	(206, 31, '/uploads/session_photos/session_31_698ac49b1dcee.png', 1, '2026-02-10 05:39:39'),
	(207, 31, '/uploads/session_photos/session_31_698ac49fa0b13.png', 1, '2026-02-10 05:39:43'),
	(208, 31, '/uploads/session_photos/session_31_698ac4a42d320.png', 1, '2026-02-10 05:39:48'),
	(209, 31, '/uploads/session_photos/session_31_698ac4a952eba.png', 1, '2026-02-10 05:39:53'),
	(210, 32, '/uploads/session_photos/session_32_698acbbc8797f.png', 1, '2026-02-10 06:10:04'),
	(211, 32, '/uploads/session_photos/session_32_698acbc225aab.png', 1, '2026-02-10 06:10:10'),
	(212, 32, '/uploads/session_photos/session_32_698acbc73bcc0.png', 1, '2026-02-10 06:10:15'),
	(213, 32, '/uploads/session_photos/session_32_698acbcbe106e.png', 1, '2026-02-10 06:10:20'),
	(214, 32, '/uploads/session_photos/session_32_698acbd139003.png', 1, '2026-02-10 06:10:25'),
	(215, 32, '/uploads/session_photos/session_32_698acbd61b851.png', 1, '2026-02-10 06:10:30'),
	(216, 32, '/uploads/session_photos/session_32_698acbdaec086.png', 1, '2026-02-10 06:10:35'),
	(217, 33, '/uploads/session_photos/session_33_698ad4a0d2d6a.png', 1, '2026-02-10 06:48:01'),
	(218, 33, '/uploads/session_photos/session_33_698ad4a54c1f9.png', 1, '2026-02-10 06:48:05'),
	(219, 33, '/uploads/session_photos/session_33_698ad4a94a54d.png', 1, '2026-02-10 06:48:09'),
	(220, 33, '/uploads/session_photos/session_33_698ad4ad50cc5.png', 1, '2026-02-10 06:48:13'),
	(221, 33, '/uploads/session_photos/session_33_698ad4b1e4c7f.png', 1, '2026-02-10 06:48:18'),
	(222, 33, '/uploads/session_photos/session_33_698ad4b61b3fc.png', 1, '2026-02-10 06:48:22'),
	(223, 34, '/uploads/session_photos/session_34_698addc4c1cca.png', 1, '2026-02-10 07:27:00'),
	(224, 34, '/uploads/session_photos/session_34_698addca610ba.png', 1, '2026-02-10 07:27:06'),
	(225, 34, '/uploads/session_photos/session_34_698addd19a8e2.png', 1, '2026-02-10 07:27:13'),
	(226, 34, '/uploads/session_photos/session_34_698addd700257.png', 1, '2026-02-10 07:27:19'),
	(227, 34, '/uploads/session_photos/session_34_698ade0da929c.png', 1, '2026-02-10 07:28:13'),
	(228, 34, '/uploads/session_photos/session_34_698ade1324354.png', 1, '2026-02-10 07:28:19'),
	(229, 34, '/uploads/session_photos/session_34_698ade17eca53.png', 1, '2026-02-10 07:28:24'),
	(230, 34, '/uploads/session_photos/session_34_698ade5e67780.png', 1, '2026-02-10 07:29:34'),
	(231, 34, '/uploads/session_photos/session_34_698ade6351451.png', 1, '2026-02-10 07:29:39'),
	(232, 34, '/uploads/session_photos/session_34_698ade680c67f.png', 1, '2026-02-10 07:29:44'),
	(233, 34, '/uploads/session_photos/session_34_698ade6c50965.png', 1, '2026-02-10 07:29:48'),
	(234, 34, '/uploads/session_photos/session_34_698adf38db0b9.png', 1, '2026-02-10 07:33:13'),
	(235, 34, '/uploads/session_photos/session_34_698adf3fd1dde.png', 1, '2026-02-10 07:33:20'),
	(236, 34, '/uploads/session_photos/session_34_698adf50ec778.png', 1, '2026-02-10 07:33:37'),
	(237, 34, '/uploads/session_photos/session_34_698adf57d32d8.png', 1, '2026-02-10 07:33:44'),
	(238, 34, '/uploads/session_photos/session_34_698adf611a3f2.png', 1, '2026-02-10 07:33:53'),
	(239, 34, '/uploads/session_photos/session_34_698adf67dcf8c.png', 1, '2026-02-10 07:34:00'),
	(240, 34, '/uploads/session_photos/session_34_698adf70423b8.png', 1, '2026-02-10 07:34:08'),
	(241, 35, '/uploads/session_photos/session_35_698ae1ec24287.png', 1, '2026-02-10 07:44:44'),
	(242, 35, '/uploads/session_photos/session_35_698ae1f106b75.png', 1, '2026-02-10 07:44:49'),
	(243, 35, '/uploads/session_photos/session_35_698ae1f6534d2.png', 1, '2026-02-10 07:44:54'),
	(244, 35, '/uploads/session_photos/session_35_698ae1fc1e86c.png', 1, '2026-02-10 07:45:00'),
	(245, 35, '/uploads/session_photos/session_35_698ae201a2582.png', 1, '2026-02-10 07:45:05'),
	(246, 35, '/uploads/session_photos/session_35_698ae20849156.png', 1, '2026-02-10 07:45:12'),
	(247, 35, '/uploads/session_photos/session_35_698ae20db7a0f.png', 1, '2026-02-10 07:45:18'),
	(248, 36, '/uploads/session_photos/session_36_698ae36a7c32f.png', 1, '2026-02-10 07:51:06'),
	(249, 36, '/uploads/session_photos/session_36_698ae3782d79f.png', 1, '2026-02-10 07:51:20'),
	(250, 36, '/uploads/session_photos/session_36_698ae37d2727b.png', 1, '2026-02-10 07:51:25'),
	(251, 36, '/uploads/session_photos/session_36_698ae3837e426.png', 1, '2026-02-10 07:51:31'),
	(252, 36, '/uploads/session_photos/session_36_698ae38c76a32.png', 1, '2026-02-10 07:51:40'),
	(253, 36, '/uploads/session_photos/session_36_698ae39237707.png', 1, '2026-02-10 07:51:46'),
	(254, 36, '/uploads/session_photos/session_36_698ae39805b38.png', 1, '2026-02-10 07:51:52'),
	(255, 36, '/uploads/session_photos/session_36_698ae39c99a2b.png', 1, '2026-02-10 07:51:56'),
	(256, 36, '/uploads/session_photos/session_36_698ae3a16f356.png', 1, '2026-02-10 07:52:01'),
	(257, 37, '/uploads/session_photos/session_37_698ae541e58c4.png', 1, '2026-02-10 07:58:58'),
	(258, 37, '/uploads/session_photos/session_37_698ae54699e7f.png', 1, '2026-02-10 07:59:02'),
	(259, 37, '/uploads/session_photos/session_37_698ae54bb16e0.png', 1, '2026-02-10 07:59:07'),
	(260, 37, '/uploads/session_photos/session_37_698ae550ce866.png', 1, '2026-02-10 07:59:12'),
	(261, 37, '/uploads/session_photos/session_37_698ae555d95f1.png', 1, '2026-02-10 07:59:18'),
	(262, 37, '/uploads/session_photos/session_37_698ae55aa5d78.png', 1, '2026-02-10 07:59:22'),
	(263, 39, '/uploads/session_photos/session_39_698af834bb4a5.png', 1, '2026-02-10 09:19:48'),
	(264, 39, '/uploads/session_photos/session_39_698af83ac1e56.png', 1, '2026-02-10 09:19:54'),
	(265, 39, '/uploads/session_photos/session_39_698af840f39e0.png', 1, '2026-02-10 09:20:01'),
	(266, 39, '/uploads/session_photos/session_39_698af846d31aa.png', 1, '2026-02-10 09:20:07'),
	(267, 39, '/uploads/session_photos/session_39_698af84d5a074.png', 1, '2026-02-10 09:20:13'),
	(268, 39, '/uploads/session_photos/session_39_698af8559afb6.png', 1, '2026-02-10 09:20:21'),
	(269, 39, '/uploads/session_photos/session_39_698af85ba971e.png', 1, '2026-02-10 09:20:27'),
	(270, 40, '/uploads/session_photos/session_40_698afcdfa9f35.png', 1, '2026-02-10 09:39:43'),
	(271, 40, '/uploads/session_photos/session_40_698afce67f518.png', 1, '2026-02-10 09:39:50'),
	(272, 40, '/uploads/session_photos/session_40_698afced44dae.png', 1, '2026-02-10 09:39:57'),
	(273, 40, '/uploads/session_photos/session_40_698afcf38135c.png', 1, '2026-02-10 09:40:03'),
	(274, 40, '/uploads/session_photos/session_40_698afcf91c676.png', 1, '2026-02-10 09:40:09'),
	(275, 40, '/uploads/session_photos/session_40_698afd044eb92.png', 1, '2026-02-10 09:40:20'),
	(276, 40, '/uploads/session_photos/session_40_698afd0a85ac3.png', 1, '2026-02-10 09:40:26'),
	(277, 41, '/uploads/session_photos/session_41_698affbfa386b.png', 1, '2026-02-10 09:51:59'),
	(278, 41, '/uploads/session_photos/session_41_698affccbd551.png', 1, '2026-02-10 09:52:12'),
	(279, 41, '/uploads/session_photos/session_41_698affd41d165.png', 1, '2026-02-10 09:52:20'),
	(280, 41, '/uploads/session_photos/session_41_698affdad7a73.png', 1, '2026-02-10 09:52:27'),
	(281, 41, '/uploads/session_photos/session_41_698affefab2e6.png', 1, '2026-02-10 09:52:47'),
	(282, 41, '/uploads/session_photos/session_41_698afff5a195b.png', 1, '2026-02-10 09:52:53'),
	(283, 41, '/uploads/session_photos/session_41_698afffd30037.png', 1, '2026-02-10 09:53:01'),
	(284, 41, '/uploads/session_photos/session_41_698b00060520c.png', 1, '2026-02-10 09:53:10'),
	(285, 42, '/uploads/session_photos/session_42_698b00ea400ca.png', 1, '2026-02-10 09:56:58'),
	(286, 42, '/uploads/session_photos/session_42_698b00f22a551.png', 1, '2026-02-10 09:57:06'),
	(287, 42, '/uploads/session_photos/session_42_698b00f90c758.png', 1, '2026-02-10 09:57:13'),
	(288, 42, '/uploads/session_photos/session_42_698b0100653e2.png', 1, '2026-02-10 09:57:20'),
	(289, 42, '/uploads/session_photos/session_42_698b0107e43a6.png', 1, '2026-02-10 09:57:28'),
	(290, 42, '/uploads/session_photos/session_42_698b010f0a6c1.png', 1, '2026-02-10 09:57:35'),
	(291, 42, '/uploads/session_photos/session_42_698b0115a4d67.png', 1, '2026-02-10 09:57:41'),
	(292, 45, '/uploads/session_photos/session_45_698b0f3926156.png', 1, '2026-02-10 10:58:01'),
	(293, 45, '/uploads/session_photos/session_45_698b0f4703113.png', 1, '2026-02-10 10:58:15'),
	(294, 45, '/uploads/session_photos/session_45_698b0f5755a1f.png', 1, '2026-02-10 10:58:31'),
	(295, 45, '/uploads/session_photos/session_45_698b0f603f50e.png', 1, '2026-02-10 10:58:40'),
	(296, 45, '/uploads/session_photos/session_45_698b0f6e6ee28.png', 1, '2026-02-10 10:58:54'),
	(297, 45, '/uploads/session_photos/session_45_698b0f7ea3ecf.png', 1, '2026-02-10 10:59:10'),
	(298, 45, '/uploads/session_photos/session_45_698b0f941c968.png', 1, '2026-02-10 10:59:32'),
	(299, 45, '/uploads/session_photos/session_45_698b0fa576cf1.png', 1, '2026-02-10 10:59:49'),
	(300, 45, '/uploads/session_photos/session_45_698b0fb6b09c5.png', 1, '2026-02-10 11:00:06'),
	(301, 45, '/uploads/session_photos/session_45_698b0fc967fdb.png', 1, '2026-02-10 11:00:25'),
	(302, 45, '/uploads/session_photos/session_45_698b0fd4df714.png', 1, '2026-02-10 11:00:37'),
	(303, 45, '/uploads/session_photos/session_45_698b0fe9564d7.png', 1, '2026-02-10 11:00:57'),
	(304, 46, '/uploads/session_photos/session_46_698bb41f5141f.png', 1, '2026-02-10 22:41:35'),
	(305, 46, '/uploads/session_photos/session_46_698bb423e6bcb.png', 1, '2026-02-10 22:41:40'),
	(306, 46, '/uploads/session_photos/session_46_698bb428b8c49.png', 1, '2026-02-10 22:41:44'),
	(307, 46, '/uploads/session_photos/session_46_698bb42d8013e.png', 1, '2026-02-10 22:41:49'),
	(308, 46, '/uploads/session_photos/session_46_698bb4329c6d4.png', 1, '2026-02-10 22:41:54'),
	(309, 46, '/uploads/session_photos/session_46_698bb43797986.png', 1, '2026-02-10 22:41:59'),
	(310, 46, '/uploads/session_photos/session_46_698bb43cb3b5d.png', 1, '2026-02-10 22:42:04'),
	(311, 47, '/uploads/session_photos/session_47_698bb9a94bb48.png', 1, '2026-02-10 23:05:13'),
	(312, 47, '/uploads/session_photos/session_47_698bbb9abd6ca.png', 1, '2026-02-10 23:13:30'),
	(313, 47, '/uploads/session_photos/session_47_698bbbc622f68.png', 1, '2026-02-10 23:14:14'),
	(314, 47, '/uploads/session_photos/session_47_698bbbcb904e8.png', 1, '2026-02-10 23:14:19'),
	(315, 47, '/uploads/session_photos/session_47_698bbbd412915.png', 1, '2026-02-10 23:14:28'),
	(316, 47, '/uploads/session_photos/session_47_698bbc07ab845.png', 1, '2026-02-10 23:15:19'),
	(317, 47, '/uploads/session_photos/session_47_698bbcebbe91f.png', 1, '2026-02-10 23:19:07'),
	(318, 47, '/uploads/session_photos/session_47_698bbcf1035dc.png', 1, '2026-02-10 23:19:13'),
	(319, 47, '/uploads/session_photos/session_47_698bbd31a9828.png', 1, '2026-02-10 23:20:17'),
	(320, 47, '/uploads/session_photos/session_47_698bbd3f8547d.png', 1, '2026-02-10 23:20:31'),
	(321, 47, '/uploads/session_photos/session_47_698bbd4468338.png', 1, '2026-02-10 23:20:36'),
	(322, 47, '/uploads/session_photos/session_47_698bbd5b8fbea.png', 1, '2026-02-10 23:20:59'),
	(323, 47, '/uploads/session_photos/session_47_698bbdd6a5745.png', 1, '2026-02-10 23:23:02'),
	(324, 47, '/uploads/session_photos/session_47_698bbe0eb48b7.png', 1, '2026-02-10 23:23:58'),
	(325, 47, '/uploads/session_photos/session_47_698bbe1560358.png', 1, '2026-02-10 23:24:05'),
	(326, 47, '/uploads/session_photos/session_47_698bbe1a6f0b6.png', 1, '2026-02-10 23:24:10'),
	(327, 47, '/uploads/session_photos/session_47_698bbe426215e.png', 1, '2026-02-10 23:24:50'),
	(328, 47, '/uploads/session_photos/session_47_698bbe488bc9e.png', 1, '2026-02-10 23:24:56'),
	(329, 47, '/uploads/session_photos/session_47_698bbe4dd0606.png', 1, '2026-02-10 23:25:02'),
	(330, 47, '/uploads/session_photos/session_47_698bbf743e427.png', 1, '2026-02-10 23:29:56'),
	(331, 47, '/uploads/session_photos/session_47_698bbf7770bf4.png', 1, '2026-02-10 23:29:59'),
	(332, 47, '/uploads/session_photos/session_47_698bbf7b2e577.png', 1, '2026-02-10 23:30:03'),
	(333, 47, '/uploads/session_photos/session_47_698bbfa5ce3b5.png', 1, '2026-02-10 23:30:45'),
	(334, 47, '/uploads/session_photos/session_47_698bbfa8a7328.png', 1, '2026-02-10 23:30:48'),
	(335, 47, '/uploads/session_photos/session_47_698bbfac16f62.png', 1, '2026-02-10 23:30:52'),
	(336, 47, '/uploads/session_photos/session_47_698bbfd145a7c.png', 1, '2026-02-10 23:31:29'),
	(337, 47, '/uploads/session_photos/session_47_698bbfd75b6d5.png', 1, '2026-02-10 23:31:35'),
	(338, 47, '/uploads/session_photos/session_47_698bbfdeb84ad.png', 1, '2026-02-10 23:31:42'),
	(339, 47, '/uploads/session_photos/session_47_698bbfe27755a.png', 1, '2026-02-10 23:31:46'),
	(340, 47, '/uploads/session_photos/session_47_698bbfe92f96d.png', 1, '2026-02-10 23:31:53'),
	(341, 47, '/uploads/session_photos/session_47_698bbfebd3e13.png', 1, '2026-02-10 23:31:56'),
	(342, 47, '/uploads/session_photos/session_47_698bbff113ef8.png', 1, '2026-02-10 23:32:01'),
	(343, 47, '/uploads/session_photos/session_47_698bbff4d2ec0.png', 1, '2026-02-10 23:32:05'),
	(344, 47, '/uploads/session_photos/session_47_698bbff75922f.png', 1, '2026-02-10 23:32:07'),
	(345, 47, '/uploads/session_photos/session_47_698bbffa58005.png', 1, '2026-02-10 23:32:10'),
	(346, 47, '/uploads/session_photos/session_47_698bbffda6005.png', 1, '2026-02-10 23:32:13'),
	(347, 47, '/uploads/session_photos/session_47_698bc000c0994.png', 1, '2026-02-10 23:32:16'),
	(348, 47, '/uploads/session_photos/session_47_698bc0039178b.png', 1, '2026-02-10 23:32:19'),
	(349, 47, '/uploads/session_photos/session_47_698bc00674e6f.png', 1, '2026-02-10 23:32:22'),
	(350, 47, '/uploads/session_photos/session_47_698bc009b8658.png', 1, '2026-02-10 23:32:25'),
	(351, 50, '/uploads/session_photos/session_50_698c25d84d011.png', 1, '2026-02-11 06:46:48'),
	(352, 53, '/uploads/session_photos/session_53_698d3a7296310.png', 1, '2026-02-12 02:26:58'),
	(353, 53, '/uploads/session_photos/session_53_698d3a7785394.png', 1, '2026-02-12 02:27:03'),
	(354, 53, '/uploads/session_photos/session_53_698d3a7b8dcb0.png', 1, '2026-02-12 02:27:07'),
	(355, 53, '/uploads/session_photos/session_53_698d3a7f62bbc.png', 1, '2026-02-12 02:27:11'),
	(356, 53, '/uploads/session_photos/session_53_698d3a8367405.png', 1, '2026-02-12 02:27:15'),
	(357, 53, '/uploads/session_photos/session_53_698d3a8712c41.png', 1, '2026-02-12 02:27:19'),
	(358, 53, '/uploads/session_photos/session_53_698d3a8be5f4e.png', 1, '2026-02-12 02:27:24'),
	(359, 53, '/uploads/session_photos/session_53_698d3a9c2fd85.png', 1, '2026-02-12 02:27:40'),
	(360, 54, '/uploads/session_photos/session_54_698d3e983763e.png', 1, '2026-02-12 02:44:40'),
	(361, 54, '/uploads/session_photos/session_54_698d3f5e042fc.png', 1, '2026-02-12 02:47:58'),
	(362, 54, '/uploads/session_photos/session_54_698d3fa854ecd.png', 1, '2026-02-12 02:49:12'),
	(363, 54, '/uploads/session_photos/session_54_698d3faf1a87c.png', 1, '2026-02-12 02:49:19'),
	(364, 54, '/uploads/session_photos/session_54_698d3fb50a00a.png', 1, '2026-02-12 02:49:25'),
	(365, 55, '/uploads/session_photos/session_55_698d4c93a0419.png', 1, '2026-02-12 03:44:19'),
	(366, 55, '/uploads/session_photos/session_55_698d4c97bc7a4.png', 1, '2026-02-12 03:44:23'),
	(367, 55, '/uploads/session_photos/session_55_698d4c9bf105c.png', 1, '2026-02-12 03:44:28'),
	(368, 55, '/uploads/session_photos/session_55_698d4ca030af4.png', 1, '2026-02-12 03:44:32'),
	(369, 55, '/uploads/session_photos/session_55_698d4ca952121.png', 1, '2026-02-12 03:44:41');

-- Dumping structure for table photobooth_db.photo_sessions
CREATE TABLE IF NOT EXISTS `photo_sessions` (
  `id` int(11) NOT NULL AUTO_INCREMENT,
  `transaction_id` int(11) NOT NULL,
  `selected_frames` text DEFAULT NULL COMMENT 'JSON array of selected frame IDs',
  `session_status` enum('started','in_progress','completed','expired') NOT NULL DEFAULT 'started',
  `photos_taken` int(11) NOT NULL DEFAULT 0,
  `photos_saved` int(11) NOT NULL DEFAULT 0,
  `session_start_time` timestamp NULL DEFAULT NULL,
  `session_end_time` timestamp NULL DEFAULT NULL,
  `created_at` timestamp NULL DEFAULT current_timestamp(),
  PRIMARY KEY (`id`),
  KEY `transaction_id` (`transaction_id`),
  KEY `idx_photo_sessions_status` (`session_status`),
  KEY `idx_photo_sessions_created_at` (`created_at`),
  CONSTRAINT `photo_sessions_ibfk_1` FOREIGN KEY (`transaction_id`) REFERENCES `transactions` (`id`) ON DELETE CASCADE
) ENGINE=InnoDB AUTO_INCREMENT=56 DEFAULT CHARSET=utf8mb4 COLLATE=utf8mb4_general_ci;

-- Dumping data for table photobooth_db.photo_sessions: ~45 rows (approximately)
INSERT INTO `photo_sessions` (`id`, `transaction_id`, `selected_frames`, `session_status`, `photos_taken`, `photos_saved`, `session_start_time`, `session_end_time`, `created_at`) VALUES
	(1, 5, '["2","1"]', 'completed', 0, 0, '2026-01-02 11:10:49', '2026-01-02 11:11:59', '2026-01-02 18:10:49'),
	(2, 5, '["2","1"]', 'started', 0, 0, '2026-01-02 11:12:22', NULL, '2026-01-02 18:12:22'),
	(3, 5, '["2","1"]', 'completed', 0, 0, '2026-01-02 11:14:48', '2026-01-02 11:17:41', '2026-01-02 18:14:48'),
	(4, 6, '["2","1"]', 'completed', 0, 0, '2026-01-02 11:22:36', '2026-01-02 11:23:10', '2026-01-02 18:22:36'),
	(5, 10, '["2","1"]', 'completed', 0, 0, '2026-01-02 12:07:27', '2026-01-02 12:08:09', '2026-01-02 19:07:27'),
	(6, 11, '["2","1"]', 'completed', 0, 0, '2026-01-02 20:49:56', '2026-01-02 20:51:49', '2026-01-03 03:49:56'),
	(7, 14, '["6","5"]', 'completed', 0, 0, '2026-01-02 21:01:14', '2026-01-02 21:07:16', '2026-01-03 04:01:14'),
	(8, 34, '["6","5"]', 'started', 0, 0, '2026-01-03 03:53:06', NULL, '2026-01-03 10:53:06'),
	(9, 38, '["6","5"]', 'started', 0, 0, '2026-01-03 03:54:41', NULL, '2026-01-03 10:54:41'),
	(10, 40, '["6","5"]', 'completed', 0, 0, '2026-01-03 04:01:22', '2026-01-03 04:07:34', '2026-01-03 11:01:22'),
	(11, 41, '["6","5"]', 'completed', 0, 0, '2026-01-07 06:31:28', '2026-01-07 06:34:52', '2026-01-07 13:31:28'),
	(12, 42, '["6","5"]', 'started', 0, 0, '2026-01-11 06:26:17', NULL, '2026-01-11 13:26:17'),
	(13, 43, '["6","5","2"]', 'started', 0, 0, '2026-01-11 06:37:24', NULL, '2026-01-11 13:37:24'),
	(14, 45, '["6","5","2"]', 'completed', 0, 0, '2026-01-11 06:46:58', '2026-01-11 06:49:52', '2026-01-11 13:46:58'),
	(15, 46, '["6","5"]', 'started', 0, 0, '2026-01-27 21:07:44', NULL, '2026-01-28 04:07:44'),
	(16, 47, '["6","5"]', 'started', 0, 0, '2026-02-01 02:06:57', NULL, '2026-02-01 09:06:57'),
	(17, 51, '["6","5"]', 'started', 0, 0, '2026-02-09 18:49:32', NULL, '2026-02-10 01:49:32'),
	(18, 52, '["6","5"]', 'completed', 0, 0, '2026-02-09 19:01:48', '2026-02-09 19:02:52', '2026-02-10 02:01:48'),
	(19, 54, '["6","5"]', 'completed', 0, 0, '2026-02-09 19:19:54', '2026-02-09 19:25:42', '2026-02-10 02:19:54'),
	(20, 55, '["6","2"]', 'started', 0, 0, '2026-02-09 19:22:57', NULL, '2026-02-10 02:22:57'),
	(21, 55, '["6","5"]', 'started', 0, 0, '2026-02-09 19:23:27', NULL, '2026-02-10 02:23:27'),
	(22, 55, '["6","5"]', 'started', 0, 0, '2026-02-09 19:28:21', NULL, '2026-02-10 02:28:21'),
	(23, 56, '["6","5"]', 'completed', 0, 0, '2026-02-09 19:44:27', '2026-02-09 19:45:23', '2026-02-10 02:44:27'),
	(24, 57, '["6","5"]', 'completed', 0, 0, '2026-02-09 20:11:54', '2026-02-09 20:12:20', '2026-02-10 03:11:54'),
	(25, 58, '["6","5","2"]', 'completed', 0, 0, '2026-02-09 20:21:57', '2026-02-09 20:22:51', '2026-02-10 03:21:57'),
	(26, 60, '["6","5"]', 'completed', 0, 0, '2026-02-09 21:02:13', '2026-02-09 21:44:57', '2026-02-10 04:02:13'),
	(27, 61, '["6","5"]', 'started', 0, 0, '2026-02-09 21:02:57', NULL, '2026-02-10 04:02:57'),
	(28, 61, '["6","5"]', 'completed', 0, 0, '2026-02-09 21:08:08', '2026-02-09 21:24:50', '2026-02-10 04:08:08'),
	(29, 62, '["13","12"]', 'started', 0, 0, '2026-02-09 22:23:55', NULL, '2026-02-10 05:23:55'),
	(30, 62, '["13","12"]', 'completed', 0, 0, '2026-02-09 22:25:05', '2026-02-09 22:25:44', '2026-02-10 05:25:05'),
	(31, 63, '["13","12"]', 'completed', 0, 0, '2026-02-09 22:39:23', '2026-02-09 22:39:55', '2026-02-10 05:39:23'),
	(32, 64, '["13","12"]', 'completed', 0, 0, '2026-02-09 23:09:56', '2026-02-09 23:10:35', '2026-02-10 06:09:56'),
	(33, 65, '["13","12"]', 'completed', 0, 0, '2026-02-09 23:47:53', '2026-02-09 23:48:22', '2026-02-10 06:47:53'),
	(34, 66, '["13","12"]', 'completed', 0, 0, '2026-02-10 00:26:47', '2026-02-10 00:34:13', '2026-02-10 07:26:47'),
	(35, 67, '["13","12"]', 'completed', 0, 0, '2026-02-10 00:41:09', '2026-02-10 00:45:18', '2026-02-10 07:41:09'),
	(36, 67, '["14","13","12"]', 'completed', 0, 0, '2026-02-10 00:50:53', '2026-02-10 00:52:02', '2026-02-10 07:50:53'),
	(37, 68, '["14","13"]', 'completed', 0, 0, '2026-02-10 00:58:50', '2026-02-10 00:59:25', '2026-02-10 07:58:50'),
	(38, 69, '["14","13"]', 'started', 0, 0, '2026-02-10 01:35:02', NULL, '2026-02-10 08:35:02'),
	(39, 67, '["14","13"]', 'completed', 0, 0, '2026-02-10 02:19:40', '2026-02-10 02:20:29', '2026-02-10 09:19:40'),
	(40, 70, '["14","13"]', 'completed', 0, 0, '2026-02-10 02:39:36', '2026-02-10 02:40:27', '2026-02-10 09:39:36'),
	(41, 71, '["14","13"]', 'completed', 0, 0, '2026-02-10 02:51:37', '2026-02-10 02:53:11', '2026-02-10 09:51:37'),
	(42, 73, '["14","12"]', 'completed', 0, 0, '2026-02-10 02:56:30', '2026-02-10 02:57:41', '2026-02-10 09:56:30'),
	(43, 71, '["14","13"]', 'started', 0, 0, '2026-02-10 02:57:01', NULL, '2026-02-10 09:57:01'),
	(44, 71, '["15","14"]', 'started', 0, 0, '2026-02-10 03:04:51', NULL, '2026-02-10 10:04:51'),
	(45, 75, '["18","17","15"]', 'completed', 0, 0, '2026-02-10 03:57:23', '2026-02-10 04:00:44', '2026-02-10 10:57:23'),
	(46, 76, '["18","17"]', 'completed', 0, 0, '2026-02-10 15:41:16', '2026-02-10 15:42:07', '2026-02-10 22:41:16'),
	(47, 77, '["18","17"]', 'completed', 0, 0, '2026-02-10 16:04:48', '2026-02-10 16:32:27', '2026-02-10 23:04:48'),
	(48, 99, '["18","17"]', 'started', 0, 0, '2026-02-10 19:57:58', NULL, '2026-02-11 02:57:58'),
	(49, 101, '["18","17","15"]', 'started', 0, 0, '2026-02-10 23:38:41', NULL, '2026-02-11 06:38:41'),
	(50, 101, '["18","17","15"]', 'started', 0, 0, '2026-02-10 23:43:10', NULL, '2026-02-11 06:43:10'),
	(51, 103, '["18","17","15"]', 'started', 0, 0, '2026-02-11 00:13:19', NULL, '2026-02-11 07:13:19'),
	(52, 107, '["18","17"]', 'started', 0, 0, '2026-02-11 00:21:26', NULL, '2026-02-11 07:21:26'),
	(53, 111, '["18","17"]', 'completed', 0, 0, '2026-02-11 19:26:25', '2026-02-11 19:27:43', '2026-02-12 02:26:25'),
	(54, 113, '["18","17","15"]', 'started', 0, 0, '2026-02-11 19:44:19', NULL, '2026-02-12 02:44:19'),
	(55, 114, '["18","17"]', 'started', 0, 0, '2026-02-11 20:43:23', NULL, '2026-02-12 03:43:23');

-- Dumping structure for table photobooth_db.photos
CREATE TABLE IF NOT EXISTS `photos` (
  `id` int(11) NOT NULL AUTO_INCREMENT,
  `transaction_id` int(11) NOT NULL,
  `file_path` varchar(255) NOT NULL,
  `emailed_to` varchar(255) DEFAULT NULL,
  `created_at` timestamp NOT NULL DEFAULT current_timestamp(),
  PRIMARY KEY (`id`),
  KEY `transaction_id` (`transaction_id`),
  CONSTRAINT `photos_ibfk_1` FOREIGN KEY (`transaction_id`) REFERENCES `transactions` (`id`) ON DELETE CASCADE
) ENGINE=InnoDB DEFAULT CHARSET=utf8mb4 COLLATE=utf8mb4_general_ci;

-- Dumping data for table photobooth_db.photos: ~0 rows (approximately)

-- Dumping structure for table photobooth_db.photostrips
CREATE TABLE IF NOT EXISTS `photostrips` (
  `id` int(11) NOT NULL AUTO_INCREMENT,
  `session_id` int(11) NOT NULL,
  `frame_id` int(11) NOT NULL,
  `layout_data` text DEFAULT NULL COMMENT 'JSON data of photo positions in photostrip',
  `decoration_data` text DEFAULT NULL COMMENT 'JSON data of stickers and decorations',
  `final_image_path` varchar(255) DEFAULT NULL COMMENT 'Path to final composed photostrip image',
  `is_printed` tinyint(1) NOT NULL DEFAULT 0,
  `created_at` timestamp NULL DEFAULT current_timestamp(),
  PRIMARY KEY (`id`),
  KEY `session_id` (`session_id`),
  KEY `frame_id` (`frame_id`),
  KEY `idx_photostrips_created_at` (`created_at`),
  CONSTRAINT `photostrips_ibfk_1` FOREIGN KEY (`session_id`) REFERENCES `photo_sessions` (`id`) ON DELETE CASCADE,
  CONSTRAINT `photostrips_ibfk_2` FOREIGN KEY (`frame_id`) REFERENCES `assets` (`id`) ON DELETE CASCADE
) ENGINE=InnoDB AUTO_INCREMENT=62 DEFAULT CHARSET=utf8mb4 COLLATE=utf8mb4_general_ci;

-- Dumping data for table photobooth_db.photostrips: ~11 rows (approximately)
INSERT INTO `photostrips` (`id`, `session_id`, `frame_id`, `layout_data`, `decoration_data`, `final_image_path`, `is_printed`, `created_at`) VALUES
	(42, 36, 14, '[{"slot":0,"photoId":"255","photoPath":"\\/uploads\\/session_photos\\/session_36_698ae39c99a2b.png","panX":0.5,"panY":0.5,"left":-6.816986460744605,"top":18.5546875,"scaleX":0.10814619653018905,"scaleY":0.10814619653018905},{"slot":1,"photoId":"253","photoPath":"\\/uploads\\/session_photos\\/session_36_698ae39237707.png","panX":0.49999999999999994,"panY":0.5,"left":-21.569108374324838,"top":98.13368055555554,"scaleX":0.1299078670548804,"scaleY":0.1299078670548804},{"slot":2,"photoId":"256","photoPath":"\\/uploads\\/session_photos\\/session_36_698ae3a16f356.png","panX":0.5,"panY":0.5,"left":-10.069783528645846,"top":191.73177083333334,"scaleX":0.1138729519314236,"scaleY":0.1138729519314236}]', '{"canvas_context":{"width":600,"height":1800},"_debug_viewport":{"width":115,"height":344,"timestamp":"2026-02-10T07:54:58.845Z"},"stickers":[{"id":"sticker-1","stickerPath":"\\/assets\\/stickers\\/sticker_698abc94ecc607.32174681.png","stickerAssetId":"11","x":268.98352495342306,"y":182.7289475923286,"width":208.69565217391303,"height":35.17342452369321,"rotation":0,"zIndex":1,"_debug":{"natural_size":"89x15","viewport_canvas":"115x344","viewport_bbox":"x=52, y=18, w=40x40","bbox_600":"x=269, y=96, w=209x209","actual_600":"w=209x35","centering_offset_600":"x=0, y=87","final_pos_600":"x=269, y=183"}},{"id":"sticker-2","stickerPath":"\\/assets\\/stickers\\/sticker_698abc94ecc607.32174681.png","stickerAssetId":"11","x":391.2466046314,"y":154.1793087967472,"width":208.69565217391303,"height":35.17342452369321,"rotation":0,"zIndex":2,"_debug":{"natural_size":"89x15","viewport_canvas":"115x344","viewport_bbox":"x=75, y=13, w=40x40","bbox_600":"x=391, y=67, w=209x209","actual_600":"w=209x35","centering_offset_600":"x=0, y=87","final_pos_600":"x=391, y=154"}},{"id":"sticker-3","stickerPath":"\\/assets\\/stickers\\/sticker_698abc94ecc607.32174681.png","stickerAssetId":"11","x":305.71408972328175,"y":490.15050654326586,"width":208.69565217391303,"height":35.17342452369321,"rotation":0,"zIndex":3,"_debug":{"natural_size":"89x15","viewport_canvas":"115x344","viewport_bbox":"x=59, y=77, w=40x40","bbox_600":"x=306, y=403, w=209x209","actual_600":"w=209x35","centering_offset_600":"x=0, y=87","final_pos_600":"x=306, y=490"}},{"id":"sticker-4","stickerPath":"\\/assets\\/stickers\\/sticker_698abc94ecc607.32174681.png","stickerAssetId":"11","x":244.1728147862574,"y":267.80419145355415,"width":208.69565217391303,"height":35.17342452369321,"rotation":0,"zIndex":4,"_debug":{"natural_size":"89x15","viewport_canvas":"115x344","viewport_bbox":"x=47, y=35, w=40x40","bbox_600":"x=244, y=181, w=209x209","actual_600":"w=209x35","centering_offset_600":"x=0, y=87","final_pos_600":"x=244, y=268"}}]}', '/uploads/final_photostrips/final_photostrip_42_698aef9f7fe16.png', 1, '2026-02-10 07:52:39'),
	(45, 37, 14, '[{"slot":0,"photoId":"258","photoPath":"\\/uploads\\/session_photos\\/session_37_698ae54699e7f.png","panX":0.5,"panY":0.5,"left":-6.816986460744605,"top":18.5546875,"scaleX":0.10814619653018905,"scaleY":0.10814619653018905},{"slot":1,"photoId":"260","photoPath":"\\/uploads\\/session_photos\\/session_37_698ae550ce866.png","panX":0.49999999999999994,"panY":0.5,"left":-21.569108374324838,"top":98.13368055555554,"scaleX":0.1299078670548804,"scaleY":0.1299078670548804},{"slot":2,"photoId":"262","photoPath":"\\/uploads\\/session_photos\\/session_37_698ae55aa5d78.png","panX":0.5,"panY":0.5,"left":-10.069783528645846,"top":191.73177083333334,"scaleX":0.1138729519314236,"scaleY":0.1138729519314236}]', '{"canvas_context":{"width":600,"height":1800},"_debug_viewport":{"width":115,"height":344,"timestamp":"2026-02-10T08:36:54.481Z"},"stickers":[{"id":"sticker-1","stickerPath":"\\/assets\\/stickers\\/sticker_698abc94ecc607.32174681.png","stickerAssetId":"11","x":276.10259127817693,"y":127.76780668176008,"width":208.69565217391303,"height":35.17342452369321,"rotation":0,"zIndex":1,"_debug":{"natural_size":"89x15","viewport_canvas":"115x344","viewport_bbox":"x=53, y=8, w=40x40","bbox_600":"x=276, y=41, w=209x209","actual_600":"w=209x35","centering_offset_600":"x=0, y=87","final_pos_600":"x=276, y=128"}},{"id":"sticker-2","stickerPath":"\\/assets\\/stickers\\/sticker_698abc94ecc607.32174681.png","stickerAssetId":"11","x":79.10264068001035,"y":817.8593484184794,"width":208.69565217391303,"height":35.17342452369321,"rotation":0,"zIndex":2,"_debug":{"natural_size":"89x15","viewport_canvas":"115x344","viewport_bbox":"x=15, y=140, w=40x40","bbox_600":"x=79, y=731, w=209x209","actual_600":"w=209x35","centering_offset_600":"x=0, y=87","final_pos_600":"x=79, y=818"}},{"id":"sticker-3","stickerPath":"\\/assets\\/stickers\\/sticker_698abc94ecc607.32174681.png","stickerAssetId":"11","x":376.2399518907069,"y":483.9411697073692,"width":208.69565217391303,"height":35.17342452369321,"rotation":0,"zIndex":3,"_debug":{"natural_size":"89x15","viewport_canvas":"115x344","viewport_bbox":"x=72, y=76, w=40x40","bbox_600":"x=376, y=397, w=209x209","actual_600":"w=209x35","centering_offset_600":"x=0, y=87","final_pos_600":"x=376, y=484"}},{"id":"sticker-4","stickerPath":"\\/assets\\/stickers\\/sticker_698abc94ecc607.32174681.png","stickerAssetId":"11","x":276.1117816298639,"y":584.5048483043782,"width":208.69565217391303,"height":35.17342452369321,"rotation":0,"zIndex":4,"_debug":{"natural_size":"89x15","viewport_canvas":"115x344","viewport_bbox":"x=53, y=95, w=40x40","bbox_600":"x=276, y=497, w=209x209","actual_600":"w=209x35","centering_offset_600":"x=0, y=87","final_pos_600":"x=276, y=585"}}]}', '/uploads/final_photostrips/final_photostrip_45_698aee2720d49.png', 0, '2026-02-10 07:59:38'),
	(47, 39, 14, '[{"slot":0,"photoId":"264","photoPath":"\\/uploads\\/session_photos\\/session_39_698af83ac1e56.png","panX":0.5,"panY":0.5,"left":-6.816986460744605,"top":18.5546875,"scaleX":0.10814619653018905,"scaleY":0.10814619653018905},{"slot":1,"photoId":"266","photoPath":"\\/uploads\\/session_photos\\/session_39_698af846d31aa.png","panX":0.49999999999999994,"panY":0.5,"left":-21.569108374324838,"top":98.13368055555554,"scaleX":0.1299078670548804,"scaleY":0.1299078670548804},{"slot":2,"photoId":"268","photoPath":"\\/uploads\\/session_photos\\/session_39_698af8559afb6.png","panX":0.5,"panY":0.5,"left":-10.069783528645846,"top":191.73177083333334,"scaleX":0.1138729519314236,"scaleY":0.1138729519314236}]', '{"canvas_context":{"width":600,"height":1800},"_debug_viewport":{"width":115,"height":344,"timestamp":"2026-02-10T09:37:58.507Z"},"stickers":[{"id":"sticker-1","stickerPath":"\\/assets\\/stickers\\/sticker_698abc94ecc607.32174681.png","stickerAssetId":"11","x":0,"y":87.06445052885107,"width":208.69565217391303,"height":35.17342452369321,"rotation":0,"zIndex":1,"_debug":{"natural_size":"89x15","viewport_canvas":"115x344","viewport_bbox":"x=0, y=0, w=40x40","bbox_600":"x=0, y=0, w=209x209","actual_600":"w=209x35","centering_offset_600":"x=0, y=87","final_pos_600":"x=0, y=87"}},{"id":"sticker-2","stickerPath":"\\/assets\\/stickers\\/sticker_698abc94ecc607.32174681.png","stickerAssetId":"11","x":182.60869565217394,"y":756.8318923893162,"width":208.69565217391303,"height":35.17342452369321,"rotation":0,"zIndex":2,"_debug":{"natural_size":"89x15","viewport_canvas":"115x344","viewport_bbox":"x=35, y=128, w=40x40","bbox_600":"x=183, y=670, w=209x209","actual_600":"w=209x35","centering_offset_600":"x=0, y=87","final_pos_600":"x=183, y=757"}},{"id":"sticker-3","stickerPath":"\\/assets\\/stickers\\/sticker_698abc94ecc607.32174681.png","stickerAssetId":"11","x":370.4347826086956,"y":87.06445052885107,"width":208.69565217391303,"height":35.17342452369321,"rotation":0,"zIndex":3,"_debug":{"natural_size":"89x15","viewport_canvas":"115x344","viewport_bbox":"x=71, y=0, w=40x40","bbox_600":"x=370, y=0, w=209x209","actual_600":"w=209x35","centering_offset_600":"x=0, y=87","final_pos_600":"x=370, y=87"}},{"id":"sticker-4","stickerPath":"\\/assets\\/stickers\\/sticker_698abc94ecc607.32174681.png","stickerAssetId":"11","x":370.4347826086956,"y":1656.8318923893162,"width":208.69565217391303,"height":35.17342452369321,"rotation":0,"zIndex":4,"_debug":{"natural_size":"89x15","viewport_canvas":"115x344","viewport_bbox":"x=71, y=300, w=40x40","bbox_600":"x=370, y=1570, w=209x209","actual_600":"w=209x35","centering_offset_600":"x=0, y=87","final_pos_600":"x=370, y=1657"}},{"id":"sticker-5","stickerPath":"\\/assets\\/stickers\\/sticker_698abc94ecc607.32174681.png","stickerAssetId":"11","x":0,"y":1656.8318923893162,"width":208.69565217391303,"height":35.17342452369321,"rotation":0,"zIndex":5,"_debug":{"natural_size":"89x15","viewport_canvas":"115x344","viewport_bbox":"x=0, y=300, w=40x40","bbox_600":"x=0, y=1570, w=209x209","actual_600":"w=209x35","centering_offset_600":"x=0, y=87","final_pos_600":"x=0, y=1657"}}]}', '/uploads/final_photostrips/final_photostrip_47_698afdb512512.png', 0, '2026-02-10 09:20:50'),
	(49, 40, 14, '[{"slot":0,"photoId":"273","photoPath":"\\/uploads\\/session_photos\\/session_40_698afcf38135c.png","panX":0.5,"panY":0.5,"left":-6.816986460744605,"top":18.5546875,"scaleX":0.10814619653018905,"scaleY":0.10814619653018905},{"slot":1,"photoId":"271","photoPath":"\\/uploads\\/session_photos\\/session_40_698afce67f518.png","panX":0.49999999999999994,"panY":0.5,"left":-21.569108374324838,"top":98.13368055555554,"scaleX":0.1299078670548804,"scaleY":0.1299078670548804},{"slot":2,"photoId":"275","photoPath":"\\/uploads\\/session_photos\\/session_40_698afd044eb92.png","panX":0.5,"panY":0.5,"left":-10.069783528645846,"top":191.73177083333334,"scaleX":0.1138729519314236,"scaleY":0.1138729519314236}]', '{"canvas_context":{"width":600,"height":1800},"_debug_viewport":{"width":134,"height":402,"timestamp":"2026-02-10T09:44:49.457Z"},"stickers":[{"id":"sticker-1","stickerPath":"\\/assets\\/stickers\\/sticker_698abc94ecc607.32174681.png","stickerAssetId":"11","x":40.298507462686565,"y":1287.892000670803,"width":179.1044776119403,"height":30.186147912124767,"rotation":0,"zIndex":1,"_debug":{"natural_size":"89x15","viewport_canvas":"134x402","viewport_bbox":"x=9, y=271, w=40x40","bbox_600":"x=40, y=1213, w=179x179","actual_600":"w=179x30","centering_offset_600":"x=0, y=74","final_pos_600":"x=40, y=1288"}},{"id":"sticker-2","stickerPath":"\\/assets\\/stickers\\/sticker_698abc94ecc607.32174681.png","stickerAssetId":"11","x":35.82089552238806,"y":916.2502096260272,"width":179.1044776119403,"height":30.186147912124767,"rotation":0,"zIndex":2,"_debug":{"natural_size":"89x15","viewport_canvas":"134x402","viewport_bbox":"x=8, y=188, w=40x40","bbox_600":"x=36, y=842, w=179x179","actual_600":"w=179x30","centering_offset_600":"x=0, y=74","final_pos_600":"x=36, y=916"}},{"id":"sticker-3","stickerPath":"\\/assets\\/stickers\\/sticker_698abc94ecc607.32174681.png","stickerAssetId":"11","x":407.46268656716416,"y":74.45916484990776,"width":179.1044776119403,"height":30.186147912124767,"rotation":0,"zIndex":3,"_debug":{"natural_size":"89x15","viewport_canvas":"134x402","viewport_bbox":"x=91, y=0, w=40x40","bbox_600":"x=407, y=0, w=179x179","actual_600":"w=179x30","centering_offset_600":"x=0, y=74","final_pos_600":"x=407, y=74"}},{"id":"sticker-4","stickerPath":"\\/assets\\/stickers\\/sticker_698abc94ecc607.32174681.png","stickerAssetId":"11","x":0,"y":74.45916484990776,"width":179.1044776119403,"height":30.186147912124767,"rotation":0,"zIndex":4,"_debug":{"natural_size":"89x15","viewport_canvas":"134x402","viewport_bbox":"x=0, y=0, w=40x40","bbox_600":"x=0, y=0, w=179x179","actual_600":"w=179x30","centering_offset_600":"x=0, y=74","final_pos_600":"x=0, y=74"}}]}', '/uploads/final_photostrips/final_photostrip_49_698afe499d706.png', 0, '2026-02-10 09:40:43'),
	(51, 41, 14, '[{"slot":0,"photoId":"278","photoPath":"\\/uploads\\/session_photos\\/session_41_698affccbd551.png","panX":0.5000000000000001,"panY":0.5,"left":-11.152876880787044,"top":30.356250000000003,"scaleX":0.17693173104745372,"scaleY":0.17693173104745372},{"slot":1,"photoId":"280","photoPath":"\\/uploads\\/session_photos\\/session_41_698affdad7a73.png","panX":0.49999999999999994,"panY":0.5,"left":-35.287969473379626,"top":160.55083333333332,"scaleX":0.21253474030671293,"scaleY":0.21253474030671293},{"slot":2,"photoId":"279","photoPath":"\\/uploads\\/session_photos\\/session_41_698affd41d165.png","panX":0.5,"panY":0.5,"left":-16.474589843750003,"top":313.68125000000003,"scaleX":0.18630094401041666,"scaleY":0.18630094401041666}]', NULL, '/uploads/photostrips/photostrip_layout_41_14_698b005ee349a.png', 0, '2026-02-10 09:54:39'),
	(53, 45, 18, '[{"slot":0,"photoId":"293","photoPath":"\\/uploads\\/session_photos\\/session_45_698b0f4703113.png","panX":0.5,"panY":0.5,"left":5.659555465019031,"top":23.035300202624835,"scaleX":0.0880965871067831,"scaleY":0.0880965871067831},{"slot":1,"photoId":"300","photoPath":"\\/uploads\\/session_photos\\/session_45_698b0fb6b09c5.png","panX":0.5,"panY":0.5,"left":5.018826509114304,"top":93.9554405735353,"scaleX":0.0892467092400887,"scaleY":0.0892467092400887},{"slot":2,"photoId":"302","photoPath":"\\/uploads\\/session_photos\\/session_45_698b0fd4df714.png","panX":0.5,"panY":0.5,"left":5.659555465019031,"top":164.46324829191852,"scaleX":0.0880965871067831,"scaleY":0.0880965871067831},{"slot":3,"photoId":"295","photoPath":"\\/uploads\\/session_photos\\/session_45_698b0f603f50e.png","panX":0.5,"panY":0.5,"left":5.545687977288472,"top":234.97105601030182,"scaleX":0.08810135823751586,"scaleY":0.08810135823751586}]', '{"canvas_context":{"width":600,"height":1800},"_debug_viewport":{"width":115,"height":344,"timestamp":"2026-02-10T11:02:41.564Z"},"stickers":[]}', '/uploads/final_photostrips/final_photostrip_53_698b105238976.png', 0, '2026-02-10 11:02:20'),
	(54, 45, 17, '[{"slot":0,"photoId":"292","photoPath":"\\/uploads\\/session_photos\\/session_45_698b0f3926156.png","panX":0.5,"panY":0.5,"left":3.3995451750578605,"top":82.05295138888889,"scaleX":0.09153860586660881,"scaleY":0.09153860586660881},{"slot":1,"photoId":"294","photoPath":"\\/uploads\\/session_photos\\/session_45_698b0f5755a1f.png","panX":0.5,"panY":0.5,"left":2.828301323784715,"top":150.91145833333331,"scaleX":0.09261237250434028,"scaleY":0.09261237250434028},{"slot":2,"photoId":"296","photoPath":"\\/uploads\\/session_photos\\/session_45_698b0f6e6ee28.png","panX":0.5,"panY":0.5,"left":3.5613260151427406,"top":219.76996527777777,"scaleX":0.09146702142409337,"scaleY":0.09146702142409337}]', '{"canvas_context":{"width":600,"height":1800},"_debug_viewport":{"width":115,"height":344,"timestamp":"2026-02-10T11:02:41.564Z"},"stickers":[]}', '/uploads/final_photostrips/final_photostrip_54_698b10546dfbc.png', 0, '2026-02-10 11:02:20'),
	(55, 45, 15, '[{"slot":0,"photoId":"298","photoPath":"\\/uploads\\/session_photos\\/session_45_698b0f941c968.png","panX":0.5,"panY":0.5,"left":3.1776579574070176,"top":12.155514957936342,"scaleX":0.09260600419720676,"scaleY":0.09260600419720676},{"slot":1,"photoId":"297","photoPath":"\\/uploads\\/session_photos\\/session_45_698b0f7ea3ecf.png","panX":0.5,"panY":0.5,"left":3.2670137016849594,"top":90.50054669472742,"scaleX":0.09375271893749111,"scaleY":0.09375271893749111},{"slot":2,"photoId":"299","photoPath":"\\/uploads\\/session_photos\\/session_45_698b0fa576cf1.png","panX":0.5,"panY":0.5,"left":3.259852164347354,"top":168.01993752667,"scaleX":0.09279822876258047,"scaleY":0.09279822876258047},{"slot":3,"photoId":"301","photoPath":"\\/uploads\\/session_photos\\/session_45_698b0fc967fdb.png","panX":0.5,"panY":0.5,"left":4.3641546485214775,"top":246.36496926346106,"scaleX":0.09171778810984416,"scaleY":0.09171778810984416}]', '{"canvas_context":{"width":600,"height":1800},"_debug_viewport":{"width":115,"height":344,"timestamp":"2026-02-10T11:02:41.564Z"},"stickers":[]}', '/uploads/final_photostrips/final_photostrip_55_698b10565796f.png', 0, '2026-02-10 11:02:21'),
	(56, 46, 18, '[{"slot":0,"photoId":"304","photoPath":"\\/uploads\\/session_photos\\/session_46_698bb41f5141f.png","panX":0.5,"panY":0.5,"left":8.103291940546212,"top":32.981700353274,"scaleX":0.12613576608699617,"scaleY":0.12613576608699617},{"slot":1,"photoId":"305","photoPath":"\\/uploads\\/session_photos\\/session_46_698bb423e6bcb.png","panX":0.5,"panY":0.5,"left":7.185902965997142,"top":134.52441080855021,"scaleX":0.12778249885091436,"scaleY":0.12778249885091436},{"slot":2,"photoId":"306","photoPath":"\\/uploads\\/session_photos\\/session_46_698bb428b8c49.png","panX":0.5,"panY":0.5,"left":8.103291940546212,"top":235.47674771228168,"scaleX":0.12613576608699617,"scaleY":0.12613576608699617},{"slot":3,"photoId":"307","photoPath":"\\/uploads\\/session_photos\\/session_46_698bb42d8013e.png","panX":0.5,"panY":0.5,"left":7.940257670218726,"top":336.4290846160132,"scaleX":0.12614259734175692,"scaleY":0.12614259734175692}]', '{"canvas_context":{"width":600,"height":1800},"_debug_viewport":{"width":168,"height":504,"timestamp":"2026-02-10T22:49:10.112Z"},"stickers":[]}', '/uploads/final_photostrips/final_photostrip_56_698be18875e8d.png', 0, '2026-02-10 22:48:22'),
	(57, 46, 17, '[{"slot":0,"photoId":"308","photoPath":"\\/uploads\\/session_photos\\/session_46_698bb4329c6d4.png","panX":0.5,"panY":0.5,"left":4.867432996961805,"top":117.48255208333333,"scaleX":0.1310640123155382,"scaleY":0.1310640123155382},{"slot":1,"photoId":"309","photoPath":"\\/uploads\\/session_photos\\/session_46_698bb43797986.png","panX":0.5,"panY":0.5,"left":4.049532063802085,"top":216.07343749999998,"scaleX":0.1326014200846354,"scaleY":0.1326014200846354},{"slot":2,"photoId":"310","photoPath":"\\/uploads\\/session_photos\\/session_46_698bb43cb3b5d.png","panX":0.5,"panY":0.5,"left":5.099069100839111,"top":314.66432291666666,"scaleX":0.13096151846426504,"scaleY":0.13096151846426504}]', '{"canvas_context":{"width":600,"height":1800},"_debug_viewport":{"width":168,"height":504,"timestamp":"2026-02-10T22:49:10.116Z"},"stickers":[{"id":"sticker-1","stickerPath":"\\/assets\\/stickers\\/sticker_698abc94ecc607.32174681.png","stickerAssetId":"11","x":21.428571428571427,"y":307.30337078651684,"width":464.2857142857143,"height":78.25040128410915,"rotation":0,"zIndex":1,"_debug":{"natural_size":"89x15","viewport_canvas":"168x504","viewport_bbox":"x=6, y=20, w=130x154","bbox_600":"x=21, y=71, w=464x550","actual_600":"w=464x78","centering_offset_600":"x=0, y=236","final_pos_600":"x=21, y=307"}},{"id":"sticker-2","stickerPath":"\\/assets\\/stickers\\/sticker_698abc94ecc607.32174681.png","stickerAssetId":"11","x":410.7142857142857,"y":387.96147672552166,"width":142.85714285714286,"height":24.077046548956663,"rotation":0,"zIndex":2,"_debug":{"natural_size":"89x15","viewport_canvas":"168x504","viewport_bbox":"x=115, y=92, w=40x40","bbox_600":"x=411, y=329, w=143x143","actual_600":"w=143x24","centering_offset_600":"x=0, y=59","final_pos_600":"x=411, y=388"}}]}', '/uploads/final_photostrips/final_photostrip_57_698be18ab2d20.png', 0, '2026-02-10 22:48:23'),
	(58, 47, 18, '[{"slot":0,"photoId":"312","photoPath":"\\/uploads\\/session_photos\\/session_47_698bbb9abd6ca.png","panX":0.5,"panY":0.5,"left":8.103291940546212,"top":32.981700353274,"scaleX":0.12613576608699617,"scaleY":0.12613576608699617},{"slot":1,"photoId":"314","photoPath":"\\/uploads\\/session_photos\\/session_47_698bbbcb904e8.png","panX":0.5,"panY":0.5,"left":7.185902965997142,"top":134.52441080855021,"scaleX":0.12778249885091436,"scaleY":0.12778249885091436},{"slot":2,"photoId":"316","photoPath":"\\/uploads\\/session_photos\\/session_47_698bbc07ab845.png","panX":0.5,"panY":0.5,"left":8.103291940546212,"top":235.47674771228168,"scaleX":0.12613576608699617,"scaleY":0.12613576608699617},{"slot":3,"photoId":"318","photoPath":"\\/uploads\\/session_photos\\/session_47_698bbcf1035dc.png","panX":0.5,"panY":0.5,"left":7.940257670218726,"top":336.4290846160132,"scaleX":0.12614259734175692,"scaleY":0.12614259734175692}]', NULL, '/uploads/photostrips/photostrip_layout_47_18_698bc024e91d0.png', 0, '2026-02-10 23:32:53'),
	(59, 47, 17, '[{"slot":0,"photoId":"311","photoPath":"\\/uploads\\/session_photos\\/session_47_698bb9a94bb48.png","panX":0.5,"panY":0.5,"left":4.867432996961805,"top":117.48255208333333,"scaleX":0.1310640123155382,"scaleY":0.1310640123155382},{"slot":1,"photoId":"313","photoPath":"\\/uploads\\/session_photos\\/session_47_698bbbc622f68.png","panX":0.5,"panY":0.5,"left":4.049532063802085,"top":216.07343749999998,"scaleX":0.1326014200846354,"scaleY":0.1326014200846354},{"slot":2,"photoId":"315","photoPath":"\\/uploads\\/session_photos\\/session_47_698bbbd412915.png","panX":0.5,"panY":0.5,"left":5.099069100839111,"top":314.66432291666666,"scaleX":0.13096151846426504,"scaleY":0.13096151846426504}]', NULL, '/uploads/photostrips/photostrip_layout_47_17_698bc0254a551.png', 0, '2026-02-10 23:32:53'),
	(60, 53, 18, '[{"slot":0,"photoId":"352","photoPath":"\\/uploads\\/session_photos\\/session_53_698d3a7296310.png","panX":0.5,"panY":0.5,"left":5.659555465019031,"top":23.035300202624835,"scaleX":0.0880965871067831,"scaleY":0.0880965871067831},{"slot":1,"photoId":"353","photoPath":"\\/uploads\\/session_photos\\/session_53_698d3a7785394.png","panX":0.5,"panY":0.5,"left":5.018826509114304,"top":93.9554405735353,"scaleX":0.0892467092400887,"scaleY":0.0892467092400887},{"slot":2,"photoId":"354","photoPath":"\\/uploads\\/session_photos\\/session_53_698d3a7b8dcb0.png","panX":0.5,"panY":0.5,"left":5.659555465019031,"top":164.46324829191852,"scaleX":0.0880965871067831,"scaleY":0.0880965871067831},{"slot":3,"photoId":"355","photoPath":"\\/uploads\\/session_photos\\/session_53_698d3a7f62bbc.png","panX":0.5,"panY":0.5,"left":5.545687977288472,"top":234.97105601030182,"scaleX":0.08810135823751586,"scaleY":0.08810135823751586}]', '{"canvas_context":{"width":600,"height":1800},"_debug_viewport":{"width":115,"height":344,"timestamp":"2026-02-12T02:36:26.654Z"},"stickers":[]}', '/uploads/final_photostrips/final_photostrip_60_698d3cc1b4b3a.png', 1, '2026-02-12 02:28:37'),
	(61, 53, 17, '[{"slot":0,"photoId":"356","photoPath":"\\/uploads\\/session_photos\\/session_53_698d3a8367405.png","panX":0.5,"panY":0.5,"left":3.3995451750578605,"top":82.05295138888889,"scaleX":0.09153860586660881,"scaleY":0.09153860586660881},{"slot":1,"photoId":"357","photoPath":"\\/uploads\\/session_photos\\/session_53_698d3a8712c41.png","panX":0.5,"panY":0.5,"left":2.828301323784715,"top":150.91145833333331,"scaleX":0.09261237250434028,"scaleY":0.09261237250434028},{"slot":2,"photoId":"358","photoPath":"\\/uploads\\/session_photos\\/session_53_698d3a8be5f4e.png","panX":0.5,"panY":0.5,"left":3.5613260151427406,"top":219.76996527777777,"scaleX":0.09146702142409337,"scaleY":0.09146702142409337}]', '{"canvas_context":{"width":600,"height":1800},"_debug_viewport":{"width":115,"height":344,"timestamp":"2026-02-12T02:36:26.654Z"},"stickers":[]}', '/uploads/final_photostrips/final_photostrip_61_698d3cc4baa63.png', 1, '2026-02-12 02:28:37');

-- Dumping structure for table photobooth_db.print_queue
CREATE TABLE IF NOT EXISTS `print_queue` (
  `id` int(11) NOT NULL AUTO_INCREMENT,
  `photostrip_id` int(11) NOT NULL,
  `file_path` varchar(500) NOT NULL,
  `copies` int(11) NOT NULL DEFAULT 1,
  `priority` int(11) NOT NULL DEFAULT 1 COMMENT 'Higher number = higher priority',
  `status` enum('pending','processing','completed','failed') NOT NULL DEFAULT 'pending',
  `retries` int(11) NOT NULL DEFAULT 0,
  `error_message` text DEFAULT NULL,
  `created_at` timestamp NOT NULL DEFAULT current_timestamp(),
  `completed_at` timestamp NULL DEFAULT NULL,
  PRIMARY KEY (`id`),
  KEY `photostrip_id` (`photostrip_id`),
  KEY `status` (`status`),
  KEY `priority` (`priority`),
  KEY `created_at` (`created_at`),
  KEY `idx_print_queue_status_priority` (`status`,`priority`),
  CONSTRAINT `1` FOREIGN KEY (`photostrip_id`) REFERENCES `photostrips` (`id`) ON DELETE CASCADE
) ENGINE=InnoDB AUTO_INCREMENT=28 DEFAULT CHARSET=utf8mb4 COLLATE=utf8mb4_general_ci;

-- Dumping data for table photobooth_db.print_queue: ~7 rows (approximately)
INSERT INTO `print_queue` (`id`, `photostrip_id`, `file_path`, `copies`, `priority`, `status`, `retries`, `error_message`, `created_at`, `completed_at`) VALUES
	(21, 42, '/uploads/final_photostrips/final_photostrip_42_698ae4537a3b5.png', 1, 5, 'completed', 0, NULL, '2026-02-10 00:55:52', '2026-02-10 00:56:16'),
	(22, 60, '/uploads/final_photostrips/final_photostrip_60_698d3b789d4d3.png', 1, 5, 'completed', 0, NULL, '2026-02-11 19:31:48', '2026-02-11 19:31:58'),
	(23, 61, '/uploads/final_photostrips/final_photostrip_61_698d3b7bd0e29.png', 1, 5, 'completed', 0, NULL, '2026-02-11 19:31:49', '2026-02-11 19:31:54'),
	(24, 60, '/uploads/final_photostrips/final_photostrip_60_698d3c4668de4.png', 1, 5, 'completed', 0, NULL, '2026-02-11 19:34:58', '2026-02-11 19:35:05'),
	(25, 61, '/uploads/final_photostrips/final_photostrip_61_698d3c4981893.png', 1, 5, 'completed', 0, NULL, '2026-02-11 19:34:58', '2026-02-11 19:35:02'),
	(26, 60, '/uploads/final_photostrips/final_photostrip_60_698d3cc1b4b3a.png', 1, 5, 'completed', 0, NULL, '2026-02-11 19:37:03', '2026-02-11 19:37:13'),
	(27, 61, '/uploads/final_photostrips/final_photostrip_61_698d3cc4baa63.png', 1, 5, 'completed', 0, NULL, '2026-02-11 19:37:04', '2026-02-11 19:37:09');

-- Dumping structure for table photobooth_db.transactions
CREATE TABLE IF NOT EXISTS `transactions` (
  `id` int(11) NOT NULL AUTO_INCREMENT,
  `package_id` int(11) NOT NULL,
  `amount` decimal(10,2) NOT NULL,
  `payment_status` enum('pending','success','failed') NOT NULL DEFAULT 'pending',
  `order_id` varchar(255) NOT NULL,
  `payment_token` varchar(255) DEFAULT NULL,
  `payment_url` varchar(255) DEFAULT NULL,
  `created_at` timestamp NULL DEFAULT current_timestamp(),
  PRIMARY KEY (`id`),
  UNIQUE KEY `order_id` (`order_id`),
  KEY `package_id` (`package_id`),
  KEY `idx_transactions_created_at` (`created_at`),
  CONSTRAINT `transactions_ibfk_1` FOREIGN KEY (`package_id`) REFERENCES `packages` (`id`) ON DELETE CASCADE
) ENGINE=InnoDB AUTO_INCREMENT=115 DEFAULT CHARSET=utf8mb4 COLLATE=utf8mb4_general_ci;

-- Dumping data for table photobooth_db.transactions: ~97 rows (approximately)
INSERT INTO `transactions` (`id`, `package_id`, `amount`, `payment_status`, `order_id`, `payment_token`, `payment_url`, `created_at`) VALUES
	(1, 2, 35000.00, 'pending', 'PHOTOBOOT-1767376912-2', 'de3121dc-0549-42cd-96ad-c1987644742b', NULL, '2026-01-02 18:01:52'),
	(2, 2, 35000.00, 'success', 'PHOTOBOOT-1767377067-2', '04214757-c355-41c2-9308-a04e39bdea1a', NULL, '2026-01-02 18:04:27'),
	(3, 2, 35000.00, 'pending', 'PHOTOBOOT-1767377119-2', '16f55cbb-5753-4bbd-8036-9f69beb8e998', NULL, '2026-01-02 18:05:19'),
	(4, 2, 35000.00, 'success', 'PHOTOBOOT-1767377395-2', 'd07820e1-42e6-49c8-b2b5-8065a9720961', NULL, '2026-01-02 18:09:55'),
	(5, 1, 25000.00, 'success', 'PHOTOBOOT-1767377426-1', '38519903-7e14-4164-92b1-1ac12fce9ff9', NULL, '2026-01-02 18:10:26'),
	(6, 1, 25000.00, 'success', 'PHOTOBOOT-1767378131-1', '57c270a2-d738-45e9-86ff-3744316c0abe', NULL, '2026-01-02 18:22:11'),
	(7, 1, 25000.00, 'pending', 'PHOTOBOOT-1767379497-1', '7685f9db-268d-4c88-812f-0152724b377e', NULL, '2026-01-02 18:44:57'),
	(8, 2, 35000.00, 'pending', 'PHOTOBOOT-1767380468-2', '590f7f2e-bb44-4d72-ac14-9ac3de3a3d5f', NULL, '2026-01-02 19:01:08'),
	(9, 2, 35000.00, 'pending', 'PHOTOBOOT-1767380792-2', '581102c7-03d9-4439-84b3-0e2151abe8b1', NULL, '2026-01-02 19:06:32'),
	(10, 1, 25000.00, 'success', 'PHOTOBOOT-1767380801-1', 'a6170760-9ea9-4821-9ab1-3a9c71291861', NULL, '2026-01-02 19:06:41'),
	(11, 1, 25000.00, 'success', 'PHOTOBOOT-1767412176-1', 'c6c6416a-e549-4d47-9e68-7d97868b4f1a', NULL, '2026-01-03 03:49:36'),
	(12, 1, 25000.00, 'pending', 'PHOTOBOOT-1767412836-1', '9f1805d2-2e98-4e1c-92aa-aba41b7081e2', NULL, '2026-01-03 04:00:36'),
	(13, 3, 50000.00, 'pending', 'PHOTOBOOT-1767412840-3', '6c1cce2a-cce6-43c1-ab03-5f182c0037e7', NULL, '2026-01-03 04:00:40'),
	(14, 1, 25000.00, 'success', 'PHOTOBOOT-1767412846-1', 'c3503e81-f63d-49d3-b0c0-4dd9cb91ddf3', NULL, '2026-01-03 04:00:46'),
	(15, 1, 25000.00, 'pending', 'PHOTOBOOT-1767415300-1', '58909a3d-4a2b-4382-bb03-f990e30d7584', NULL, '2026-01-03 04:41:40'),
	(16, 1, 25000.00, 'pending', 'PHOTOBOOT-1767415343-1', '65251e3e-12f9-4b99-9045-4917e3556553', NULL, '2026-01-03 04:42:23'),
	(17, 1, 25000.00, 'pending', 'PHOTOBOOT-1767415436-1', '686f3cac-7294-4661-ab93-11b0ee0a8d85', NULL, '2026-01-03 04:43:56'),
	(18, 1, 25000.00, 'pending', 'PHOTOBOOT-1767415451-1', '1780feb4-8b4f-46c8-ad3c-307cbcfbe6d4', NULL, '2026-01-03 04:44:11'),
	(19, 1, 25000.00, 'pending', 'PHOTOBOOT-1767415468-1', '862da7d5-d37e-447a-acba-0ba2c77b6958', NULL, '2026-01-03 04:44:28'),
	(20, 1, 25000.00, 'pending', 'PHOTOBOOT-1767415559-1', '61070b95-8044-40f5-b636-b0e50aeb4620', NULL, '2026-01-03 04:45:59'),
	(21, 1, 25000.00, 'pending', 'PHOTOBOOT-1767415801-1', 'f945e7e4-0537-4883-91e3-01ca15a22c8e', NULL, '2026-01-03 04:50:01'),
	(22, 1, 25000.00, 'pending', 'PHOTOBOOT-1767415922-1', 'd7a22341-4c34-41a4-aff7-1d2587437402', NULL, '2026-01-03 04:52:02'),
	(23, 1, 25000.00, 'pending', 'PHOTOBOOT-1767436180-1', 'a4c5c9ef-0e96-4c1f-9378-54a26af38385', NULL, '2026-01-03 10:29:40'),
	(24, 1, 25000.00, 'pending', 'PHOTOBOOT-1767436462-1', 'aab79103-cc3f-46b1-a4e7-6f53b51a8f51', NULL, '2026-01-03 10:34:22'),
	(25, 1, 25000.00, 'pending', 'PHOTOBOOT-1767436509-1', '4342dcb2-80af-4fd7-975e-aaafabe67e13', NULL, '2026-01-03 10:35:09'),
	(26, 1, 25000.00, 'pending', 'PHOTOBOOT-1767436634-1', '74ea6dbf-0919-4154-a3d7-8d7d930700c5', NULL, '2026-01-03 10:37:14'),
	(27, 1, 25000.00, 'pending', 'PHOTOBOOT-1767436687-1', '2de9fe93-f15f-4feb-bff2-ed2131dc10af', NULL, '2026-01-03 10:38:07'),
	(28, 1, 25000.00, 'pending', 'PHOTOBOOT-1767436708-1', 'ecfe52d4-93fa-415d-abe5-2c6a6081a542', NULL, '2026-01-03 10:38:28'),
	(29, 1, 25000.00, 'pending', 'PHOTOBOOT-1767436717-1', '370ca1d4-1687-4b80-a6d7-ae771e1b977e', NULL, '2026-01-03 10:38:37'),
	(30, 1, 25000.00, 'pending', 'PHOTOBOOT-1767436734-1', '7e4f6559-0686-4532-9c0f-224974ea8a59', NULL, '2026-01-03 10:38:54'),
	(31, 1, 25000.00, 'pending', 'PHOTOBOOT-1767437094-1', 'b4149469-7f7a-4f1a-bbd5-78f3777b9fd9', NULL, '2026-01-03 10:44:54'),
	(32, 1, 25000.00, 'pending', 'PHOTOBOOT-1767437112-1', 'f54b4628-ed2d-498d-8157-41a9533907d2', NULL, '2026-01-03 10:45:12'),
	(33, 2, 35000.00, 'success', 'BYPASS-1767437566-2', NULL, NULL, '2026-01-03 10:52:46'),
	(34, 1, 25000.00, 'success', 'BYPASS-1767437579-1', NULL, NULL, '2026-01-03 10:52:59'),
	(35, 1, 25000.00, 'pending', 'PHOTOBOOT-1767437625-1', '6fd9c48a-2064-4ad4-bb8f-d5dfa8f1f058', NULL, '2026-01-03 10:53:45'),
	(36, 1, 25000.00, 'pending', 'PHOTOBOOT-1767437641-1', '13199464-721b-41ad-b2bb-25aca82302b0', NULL, '2026-01-03 10:54:01'),
	(37, 1, 25000.00, 'success', 'BYPASS-1767437645-1', NULL, NULL, '2026-01-03 10:54:05'),
	(38, 1, 25000.00, 'success', 'BYPASS-1767437656-1', NULL, NULL, '2026-01-03 10:54:16'),
	(39, 1, 25000.00, 'success', 'BYPASS-1767437862-1', NULL, NULL, '2026-01-03 10:57:42'),
	(40, 1, 25000.00, 'success', 'BYPASS-1767438074-1', NULL, NULL, '2026-01-03 11:01:14'),
	(41, 1, 25000.00, 'success', 'BYPASS-1767792676-1', NULL, NULL, '2026-01-07 13:31:16'),
	(42, 1, 25000.00, 'success', 'BYPASS-1768137969-1', NULL, NULL, '2026-01-11 13:26:09'),
	(43, 2, 35000.00, 'success', 'BYPASS-1768138631-2', NULL, NULL, '2026-01-11 13:37:11'),
	(44, 1, 25000.00, 'success', 'BYPASS-1768139125-1', NULL, NULL, '2026-01-11 13:45:25'),
	(45, 2, 35000.00, 'success', 'BYPASS-1768139205-2', NULL, NULL, '2026-01-11 13:46:45'),
	(46, 1, 25000.00, 'success', 'BYPASS-1769573253-1', NULL, NULL, '2026-01-28 04:07:33'),
	(47, 1, 25000.00, 'success', 'BYPASS-1769936810-1', NULL, NULL, '2026-02-01 09:06:50'),
	(48, 1, 25000.00, 'success', 'BYPASS-1769938303-1', NULL, NULL, '2026-02-01 09:31:43'),
	(49, 1, 25000.00, 'success', 'BYPASS-1769938618-1', NULL, NULL, '2026-02-01 09:36:58'),
	(50, 1, 25000.00, 'success', 'BYPASS-1770687930-1', NULL, NULL, '2026-02-10 01:45:30'),
	(51, 1, 25000.00, 'success', 'BYPASS-1770688145-1', NULL, NULL, '2026-02-10 01:49:05'),
	(52, 1, 25000.00, 'success', 'BYPASS-1770688879-1', NULL, NULL, '2026-02-10 02:01:19'),
	(53, 3, 40000.00, 'success', 'BYPASS-1770689979-3', NULL, NULL, '2026-02-10 02:19:39'),
	(54, 1, 25000.00, 'success', 'BYPASS-1770689986-1', NULL, NULL, '2026-02-10 02:19:46'),
	(55, 1, 25000.00, 'success', 'BYPASS-1770690133-1', NULL, NULL, '2026-02-10 02:22:13'),
	(56, 1, 25000.00, 'success', 'BYPASS-1770691461-1', NULL, NULL, '2026-02-10 02:44:21'),
	(57, 1, 25000.00, 'success', 'BYPASS-1770693033-1', NULL, NULL, '2026-02-10 03:10:33'),
	(58, 2, 35000.00, 'success', 'BYPASS-1770693711-2', NULL, NULL, '2026-02-10 03:21:51'),
	(59, 1, 25000.00, 'pending', 'PHOTOBOOT-1770696116-1', '35d3f8da-f4b5-4df6-91e5-e1a30c636ca5', NULL, '2026-02-10 04:01:56'),
	(60, 1, 25000.00, 'success', 'BYPASS-1770696126-1', NULL, NULL, '2026-02-10 04:02:06'),
	(61, 1, 25000.00, 'success', 'BYPASS-1770696171-1', NULL, NULL, '2026-02-10 04:02:51'),
	(62, 1, 25000.00, 'success', 'BYPASS-1770700857-1', NULL, NULL, '2026-02-10 05:20:57'),
	(63, 1, 25000.00, 'success', 'BYPASS-1770701956-1', NULL, NULL, '2026-02-10 05:39:16'),
	(64, 1, 25000.00, 'success', 'BYPASS-1770703790-1', NULL, NULL, '2026-02-10 06:09:50'),
	(65, 1, 25000.00, 'success', 'BYPASS-1770706066-1', NULL, NULL, '2026-02-10 06:47:46'),
	(66, 1, 25000.00, 'success', 'BYPASS-1770708401-1', NULL, NULL, '2026-02-10 07:26:41'),
	(67, 1, 25000.00, 'success', 'BYPASS-1770709263-1', NULL, NULL, '2026-02-10 07:41:03'),
	(68, 1, 25000.00, 'success', 'BYPASS-1770710322-1', NULL, NULL, '2026-02-10 07:58:42'),
	(69, 1, 25000.00, 'success', 'BYPASS-1770712494-1', NULL, NULL, '2026-02-10 08:34:54'),
	(70, 1, 25000.00, 'success', 'BYPASS-1770716368-1', NULL, NULL, '2026-02-10 09:39:28'),
	(71, 1, 25000.00, 'success', 'BYPASS-1770717076-1', NULL, NULL, '2026-02-10 09:51:16'),
	(72, 1, 25000.00, 'success', 'BYPASS-1770717239-1', NULL, NULL, '2026-02-10 09:53:59'),
	(73, 1, 25000.00, 'success', 'BYPASS-1770717376-1', NULL, NULL, '2026-02-10 09:56:16'),
	(74, 1, 25000.00, 'success', 'BYPASS-1770721025-1', NULL, NULL, '2026-02-10 10:57:05'),
	(75, 2, 35000.00, 'success', 'BYPASS-1770721033-2', NULL, NULL, '2026-02-10 10:57:13'),
	(76, 1, 25000.00, 'success', 'BYPASS-1770763260-1', NULL, NULL, '2026-02-10 22:41:00'),
	(77, 1, 25000.00, 'success', 'BYPASS-1770764680-1', NULL, NULL, '2026-02-10 23:04:40'),
	(78, 2, 35000.00, 'success', 'BYPASS-1770767060-2', NULL, NULL, '2026-02-10 23:44:20'),
	(79, 2, 35000.00, 'success', 'BYPASS-1770767514-2', NULL, NULL, '2026-02-10 23:51:54'),
	(80, 1, 25000.00, 'success', 'BYPASS-1770770381-1', NULL, NULL, '2026-02-11 00:39:41'),
	(81, 2, 35000.00, 'success', 'BYPASS-1770773330-2', NULL, NULL, '2026-02-11 01:28:50'),
	(82, 2, 35000.00, 'success', 'BYPASS-1770774909-2', NULL, NULL, '2026-02-11 01:55:09'),
	(83, 3, 40000.00, 'success', 'BYPASS-1770775565-3', NULL, NULL, '2026-02-11 02:06:05'),
	(84, 1, 25000.00, 'success', 'BYPASS-1770778220-1', NULL, NULL, '2026-02-11 02:50:20'),
	(85, 2, 35000.00, 'pending', 'PHOTOBOOT-1770778271-2', 'b49d0b45-9508-40f5-9a8a-83c3128bc2bc', NULL, '2026-02-11 02:51:11'),
	(86, 2, 35000.00, 'pending', 'PHOTOBOOT-1770778274-2', '99ee81e1-1b80-47f2-905e-7399e6521094', NULL, '2026-02-11 02:51:14'),
	(87, 2, 35000.00, 'pending', 'PHOTOBOOT-1770778277-2', 'be5c9226-f413-4b9e-8168-5d033bdabbee', NULL, '2026-02-11 02:51:17'),
	(88, 2, 35000.00, 'pending', 'PHOTOBOOT-1770778279-2', 'ca34567b-ba6e-4847-ad70-ccfeae47fe17', NULL, '2026-02-11 02:51:19'),
	(89, 2, 35000.00, 'pending', 'PHOTOBOOT-1770778284-2', 'f9f69229-96a7-4853-93c5-79bbc0139807', NULL, '2026-02-11 02:51:24'),
	(90, 2, 35000.00, 'pending', 'PHOTOBOOT-1770778290-2', '210b6a41-83f9-4747-9913-9a48d1d79805', NULL, '2026-02-11 02:51:30'),
	(91, 2, 35000.00, 'pending', 'PHOTOBOOT-1770778293-2', '862a230f-21a7-4528-aae5-f9eb690c09e3', NULL, '2026-02-11 02:51:33'),
	(92, 2, 35000.00, 'pending', 'PHOTOBOOT-1770778306-2', '813b6f2d-70c2-45e4-8162-1f47b4bed256', NULL, '2026-02-11 02:51:46'),
	(93, 2, 35000.00, 'pending', 'PHOTOBOOT-1770778314-2', '558705ac-f6bc-4cee-bcf3-18cb6e1bc9bb', NULL, '2026-02-11 02:51:54'),
	(94, 2, 35000.00, 'pending', 'PHOTOBOOT-1770778317-2', 'e1927a1c-05e4-4e19-b3ef-38a3c1203cdf', NULL, '2026-02-11 02:51:57'),
	(95, 2, 35000.00, 'success', 'BYPASS-1770778386-2', NULL, NULL, '2026-02-11 02:53:06'),
	(96, 2, 35000.00, 'pending', 'PHOTOBOOT-1770778397-2', '1b35256b-5af0-43f0-b715-5bfb5cedce07', NULL, '2026-02-11 02:53:17'),
	(97, 2, 35000.00, 'pending', 'PHOTOBOOT-1770778399-2', '945fe881-a960-4f69-9d0a-5893e597b3ae', NULL, '2026-02-11 02:53:19'),
	(98, 2, 35000.00, 'pending', 'PHOTOBOOT-1770778402-2', 'aa1612fc-1b59-4df0-b0a8-1484ec1eda11', NULL, '2026-02-11 02:53:22'),
	(99, 1, 25000.00, 'success', 'BYPASS-1770778666-1', NULL, NULL, '2026-02-11 02:57:46'),
	(100, 1, 25000.00, 'success', 'BYPASS-1770791607-1', NULL, NULL, '2026-02-11 06:33:27'),
	(101, 2, 35000.00, 'success', 'BYPASS-1770791905-2', NULL, NULL, '2026-02-11 06:38:25'),
	(102, 2, 35000.00, 'success', 'BYPASS-1770793600-2', NULL, NULL, '2026-02-11 07:06:40'),
	(103, 2, 35000.00, 'success', 'BYPASS-1770793927-2', NULL, NULL, '2026-02-11 07:12:07'),
	(104, 3, 40000.00, 'success', 'BYPASS-1770794099-3', NULL, NULL, '2026-02-11 07:14:59'),
	(105, 1, 25000.00, 'success', 'BYPASS-1770794251-1', NULL, NULL, '2026-02-11 07:17:31'),
	(106, 3, 40000.00, 'success', 'BYPASS-1770794385-3', NULL, NULL, '2026-02-11 07:19:45'),
	(107, 1, 25000.00, 'success', 'BYPASS-1770794475-1', NULL, NULL, '2026-02-11 07:21:15'),
	(108, 1, 25000.00, 'success', 'BYPASS-1770803299-1', NULL, NULL, '2026-02-11 09:48:19'),
	(109, 1, 25000.00, 'success', 'BYPASS-1770803315-1', NULL, NULL, '2026-02-11 09:48:35'),
	(110, 2, 35000.00, 'success', 'BYPASS-1770850526-2', NULL, NULL, '2026-02-11 22:55:26'),
	(111, 1, 25000.00, 'success', 'BYPASS-1770863166-1', NULL, NULL, '2026-02-12 02:26:06'),
	(112, 1, 25000.00, 'success', 'BYPASS-1770863928-1', NULL, NULL, '2026-02-12 02:38:48'),
	(113, 2, 35000.00, 'success', 'BYPASS-1770864251-2', NULL, NULL, '2026-02-12 02:44:11'),
	(114, 1, 25000.00, 'success', 'BYPASS-1770867792-1', NULL, NULL, '2026-02-12 03:43:12');

/*!40103 SET TIME_ZONE=IFNULL(@OLD_TIME_ZONE, 'system') */;
/*!40101 SET SQL_MODE=IFNULL(@OLD_SQL_MODE, '') */;
/*!40014 SET FOREIGN_KEY_CHECKS=IFNULL(@OLD_FOREIGN_KEY_CHECKS, 1) */;
/*!40101 SET CHARACTER_SET_CLIENT=@OLD_CHARACTER_SET_CLIENT */;
/*!40111 SET SQL_NOTES=IFNULL(@OLD_SQL_NOTES, 1) */;
